Date,Activity ID,Type,Distance (km),Duration,Average Speed (km/h),Calories Burned,Climb (m),Average Heart rate (tpm),Quality
2020-11-03,6730e822-6cfc-42df-9224-0e79e8fa888e,Cycling,26.91,2:04,11.08,1266,98,121,8
2021-02-14,d7affe37-577d-47cf-8c01-00d0600528e1,Walking,28.81,1:08,6.83,728,120,114,6
2022-01-14,1b2f3d34-af23-4956-bd6d-8a08bd56a0d9,Walking,3.61,3:34,10.58,1400,69,118,10
2021-06-20,fe6c66b3-3586-4984-a220-d37a71fc265e,Walking,10.86,5:22,15.59,1106,15,81,6
2020-11-19,51bcf5f6-97ca-4483-a04d-34485da4cb69,Other,7.83,4:55,7.33,1142,278,116,8
2022-06-07,7d022916-9793-489e-a816-f707f6524747,Other,28.8,5:48,19.99,854,95,96,3
2021-10-11,0382e2f5-9ef2-48d4-9654-8348a01d45cc,Cycling,10.51,5:00,19.41,606,135,125,0
2022-05-14,f61fd2c1-a0f6-406e-afb8-951f2516723a,Running,10.78,2:48,16.63,849,161,87,5
2021-05-14,900fbcf3-f893-4689-a48d-7616bb1e956a,Other,13.66,3:20,7.09,1134,31,144,1
2022-05-12,9d9b6f1e-5a6a-47ff-8d45-5d8e9e2067b3,Other,2.68,4:33,14.75,540,29,138,8
2021-07-19,5a812b75-7cc4-4749-8698-bb11871fa85f,Walking,6.87,0:52,12.11,1280,264,145,7
2021-08-16,dd287dfe-efe3-43e5-9bfe-f18b37b8a4cc,Walking,11.96,5:58,15.07,1495,3,114,5
2021-04-28,1fa55839-b4f5-4cd5-8858-19ef1e74f582,Running,29.65,2:45,13.08,1073,440,124,4
2021-02-27,a118ae3d-01cb-4edd-89ee-ee4b72ea5d9d,Other,24.81,0:27,6.99,567,193,70,1
2022-04-21,5da8dd3c-5048-463a-9b0b-2ed106d0a6f7,Walking,10.14,2:48,19.84,1007,190,120,9
2021-11-20,7c2441b7-0627-4536-992e-944dae13eb68,Cycling,11.17,4:27,5.76,1354,320,147,10
2021-05-30,940256c2-c3db-42d5-abad-1167c6d25396,Walking,3.94,1:34,9.67,915,164,143,8
2021-07-21,19d74708-4a32-4b00-8a58-487c643e740c,Walking,23.81,4:28,11.14,903,128,65,1
2021-04-15,40479893-0eb3-4a62-b9ce-55407ebfd85f,Running,23.67,0:15,8.2,1119,140,112,8
2021-02-22,ee8bdde5-eba3-4005-b142-12ce3d37b885,Other,20.03,5:36,5.77,1029,227,64,9
2020-08-09,e4a32186-0a5b-4216-84e2-4d62c50b6375,Other,29.68,0:36,19.78,1454,105,93,7
2021-02-14,b28e6e93-2453-459c-8915-89e4015a46be,Walking,2.4,2:52,15.34,1429,111,84,4
2022-01-06,5ab403e2-5cfa-4852-935e-5fe8b218fb80,Other,6.79,5:23,19.52,1116,449,99,6
2020-10-29,bc1c8848-6fdc-4491-bdd7-0903c96b1430,Other,18.26,0:51,10.67,512,50,139,8
2021-08-14,241dd994-2502-4f21-8bbb-d6e3ba57f902,Walking,18.13,5:57,18.69,774,309,82,7
2021-04-27,ddcc143f-54db-46ba-abd1-616e8492f6eb,Running,25.33,0:45,7.41,1052,253,102,3
2020-08-12,8185b546-605e-46f1-84b3-ca532b01d0a9,Running,10.79,5:09,10.5,1076,101,129,5
2021-01-15,a22602ba-7aa9-42f8-9a6f-fc9ba2814ca4,Cycling,9.48,1:32,8.34,681,50,135,7
2022-08-28,6d2a0666-a8fb-4fc5-a063-cd810f75d93e,Walking,17.66,1:09,10.43,956,304,117,5
2022-05-28,b5d9e1e6-9573-4c3b-a60d-c9717c9d2341,Other,3.31,1:18,15.42,650,427,81,2
2020-11-14,2113cfec-f9b5-48c1-b585-4328ed067954,Walking,10.42,5:03,19.32,907,68,104,7
2020-11-14,973891fa-654a-4a42-bc5d-c715f9376232,Walking,27.22,5:08,14.83,1165,426,100,3
2021-11-21,d99d731a-5a91-4156-9529-5b42af24b5b9,Cycling,11.22,0:42,9.5,754,388,96,6
2022-04-28,35c40d28-a01a-463d-9b6a-77546e364f3a,Cycling,15.13,0:49,19.53,1263,408,76,5
2022-02-07,d4e2c341-8809-46a9-96dc-b850a7dcaebf,Cycling,28.02,4:07,7.67,1417,408,138,7
2022-03-08,2070cc8c-b758-49b7-a660-205de04739d4,Other,9.38,5:15,12.17,1214,42,140,0
2021-09-13,6f3f34b4-1bb6-42b9-a974-27a1924f4244,Running,5.02,0:31,9.04,699,419,130,6
2021-04-08,d70e95be-c5a5-4541-8817-4709150586e9,Running,28.99,0:59,8.09,699,480,66,2
2022-05-10,518922ae-0b78-4e01-afcb-eb1b55a765f7,Other,11.63,0:34,8.69,1448,229,97,1
2020-11-14,b356127e-a330-43f4-a87b-c90a852fcaec,Running,7.37,3:55,19.27,733,38,86,4
2021-03-06,60fd6299-e3bd-4555-ac6f-7ee499cd4284,Walking,17.03,2:01,15.56,1228,60,113,7
2022-07-19,15836082-8634-4840-ade6-c33213a90549,Other,3.82,5:19,15.56,807,154,125,3
2021-11-09,537f0cab-ea35-4460-a164-99633e353eba,Running,9.65,3:52,16.4,1020,496,98,0
2022-02-24,bd1e67b2-bc93-4ef2-987a-d8dab015da62,Walking,2.3,2:29,19.76,1007,100,74,7
2021-12-28,96d5f89b-6cc0-464f-a52a-0ad4750db987,Walking,26.91,1:36,8.5,1483,344,84,8
2021-09-05,aadd1548-c889-42b2-bf02-2ea5b2a8de52,Running,20.11,1:27,19.02,1373,210,144,3
2022-04-14,c2e34a72-6a26-4b7d-9b8e-73462332bdf9,Cycling,4.39,1:01,17.48,1480,479,97,3
2020-10-10,fbbeb8ec-a085-4bb9-8f76-9fdb9b2d2296,Running,11.88,5:34,10.45,558,416,82,7
2020-08-31,aa60646a-d41b-4bc7-8fc4-7532c181ea8c,Walking,20.68,2:33,16.48,949,89,118,6
2021-09-19,ec01939c-a47c-4450-b022-aa1dc38efe70,Cycling,17.35,0:46,8.46,707,173,65,5
2020-11-06,aa400f67-c8d5-4512-8251-a851349f4661,Running,4.45,2:49,11.6,1006,196,102,4
2020-11-05,43ce5048-5ce2-4e66-a41a-e6d5ba1a3668,Other,26.04,1:06,14.11,1030,257,78,7
2021-08-25,6127aa36-9428-4c45-a259-a54572f843ed,Cycling,16.49,5:17,5.33,766,55,146,6
2022-05-13,6e76d6d6-75b7-499d-aecf-ad4fe19ed584,Walking,28.28,0:41,11.41,1126,300,65,9
2022-05-19,4aeb8f16-14ac-43e2-81f8-c7e8be699b36,Cycling,27.68,1:42,13.71,574,364,66,3
2020-11-20,b992e80a-7c7b-445c-becd-dec0cf097790,Running,17.72,3:33,17.37,936,332,90,7
2022-05-15,0f1f986f-dbe9-4454-a3df-3fd33032a287,Walking,18.77,5:08,9.79,1288,170,75,10
2022-02-04,45f63066-c859-4291-ac52-9dd17bc9d04e,Walking,23.0,0:16,7.83,1139,32,101,9
2021-10-29,d833ff53-7fc9-4809-90d7-a7648f4f7561,Walking,2.8,4:50,12.33,832,301,73,8
2021-02-12,e4c545ef-f096-4222-98b2-28b191d2d1c5,Other,26.38,4:02,12.91,1048,353,79,1
2022-06-26,f84045a4-b58d-47c3-a532-11345d058847,Other,12.18,1:00,16.88,717,311,147,2
2021-11-10,6073da41-c8d2-4b76-a99e-ec56edbb60c6,Other,24.17,2:54,13.32,1076,212,150,9
2022-08-23,627a74ee-2f0b-439c-828f-bf394959f14a,Walking,22.43,1:17,10.38,837,429,121,2
2021-07-14,a516190a-0ca1-4101-8fff-4f3c3ac78124,Other,24.3,3:23,12.6,910,52,145,10
2021-08-05,ec15d65f-6fed-4057-902e-faa9074fd795,Cycling,26.62,5:17,15.49,1330,463,108,7
2022-03-24,ff01bded-8ca8-46da-8a34-f2615bbfd035,Cycling,23.02,4:23,14.11,1157,389,141,6
2020-09-16,b5f25f62-6464-48dd-9733-a0f369825f6f,Other,14.89,4:23,19.7,709,98,76,5
2021-05-01,2e6bf24e-97ba-4fe3-9c63-973ebe90ea36,Running,12.76,4:18,11.94,1275,34,80,9
2020-08-22,12824426-37fc-4b3c-a911-9089f89c894d,Running,18.4,1:49,9.78,879,397,73,0
2020-12-27,48f41097-cd8e-4834-a1a9-7f0d8d65f94d,Walking,28.83,5:31,11.08,1374,129,130,6
2021-12-09,e64d2825-15fe-460b-8f64-59abfc638336,Walking,18.44,2:17,12.89,1444,466,126,5
2022-07-05,f6ea68fc-3707-445d-b659-6a9c05816c1b,Other,8.43,0:44,11.13,576,218,83,2
2020-10-05,e37d87f8-6726-413f-9e5a-1d4be96db5ee,Other,4.62,1:12,13.78,609,343,87,6
2021-11-02,5cd31b63-191e-4d2c-9406-1a57c230cb4e,Walking,20.2,4:29,17.71,1436,240,132,10
2021-01-24,048065e8-a8dd-4763-8d9a-9670110b2ad4,Other,21.63,5:02,11.84,1203,495,118,8
2022-09-01,96da1227-4d09-4783-8b79-88f065ed256a,Cycling,18.67,4:42,16.39,1201,93,123,10
2021-03-24,562381bd-0795-48df-adc5-22f57a88c8bd,Walking,11.96,1:13,17.42,714,278,126,3
2021-09-01,852f0e23-9795-4241-b118-0cd3470cc04c,Walking,17.84,4:12,8.36,537,287,143,4
2022-05-27,3546149b-e7a4-4f27-a7cd-e13eec3d4e16,Other,28.43,2:10,10.49,812,221,101,7
2020-09-19,27460312-9d93-4c48-83b8-e64bdafe5275,Running,4.77,2:53,5.26,619,169,115,9
2022-04-08,1fd01dad-587e-44a6-b088-a6581d36b035,Running,26.01,2:47,17.16,1085,359,101,7
2021-05-16,e4e16372-d850-4e30-bc7a-ee661f618580,Walking,10.44,5:50,7.76,610,473,137,7
2021-07-14,9bdd1705-c157-4c30-9d6a-7895ecc87c27,Other,19.54,3:45,9.02,1263,162,118,0
2021-02-24,ebd65dd0-fe08-47a3-9253-1945db817573,Cycling,17.68,1:40,17.8,1487,7,104,1
2021-11-09,fcdd9f55-afc5-4328-911a-4fb29791de5d,Running,23.67,5:33,7.83,1166,261,62,10
2022-04-22,7e9c2634-c8dc-44bf-9e38-d463eed1d5a6,Cycling,22.68,5:39,18.4,894,122,135,8
2021-12-07,d5012b58-80c5-47b9-bd9d-176be43454c7,Walking,14.52,1:17,10.68,608,491,96,6
2022-02-27,b33b63e7-ae53-4e93-a6c7-51d0fed2da8e,Other,25.26,3:26,19.62,665,301,101,3
2021-08-22,33cd68ed-b688-4ad7-b821-1fe314c3a3a5,Other,7.22,1:54,5.74,744,245,107,4
2020-11-23,a79062a2-7923-4c8a-87eb-e958467a1673,Other,22.34,2:54,6.47,895,90,73,10
2020-09-23,91847eeb-f629-47db-ab08-ef1f98bc6d32,Running,5.63,0:54,13.93,592,42,103,8
2022-07-05,f8e7ae01-18ba-4fc3-af07-77bb8295cb8c,Running,3.78,0:25,8.39,1193,251,92,2
2021-07-11,4b47608a-f9bb-4ed0-8e3d-7394cf42aeee,Running,7.48,1:11,6.26,584,278,61,10
2021-04-19,242d3e69-d482-40b9-a468-365a61c45e69,Walking,20.77,0:31,15.23,639,46,115,4
2022-04-17,78fa5a13-5fb3-4187-b761-f3db3e809805,Walking,14.04,0:44,5.43,1248,138,71,1
2021-07-14,b1ab0846-3122-47b9-94db-b60ef92df3f0,Walking,11.24,1:47,12.72,732,463,112,4
2022-01-09,9dfd6e6f-392a-48e0-b08a-5726dee2be90,Walking,24.23,3:53,17.28,1007,102,115,9
2022-07-06,ef093daa-559d-43cb-a3a8-82aea22f3757,Other,23.55,4:25,6.65,851,265,138,6
2021-04-02,132bbe73-f0d6-4eea-9a84-73b9633854bd,Cycling,26.18,4:04,9.15,1136,406,74,3
2020-11-22,f1661a5a-ce42-4405-b489-9c893c767109,Cycling,7.6,3:11,7.35,1487,285,100,6
2022-01-03,0a277b90-9e8b-4e3a-8055-14f1cf5180f5,Running,8.88,4:14,7.83,940,290,143,8
2022-08-25,a8badaf9-0d36-4f25-98e1-fd4c2de15b62,Other,26.82,1:06,8.18,946,267,119,6
2021-02-16,6aa27ce6-6894-4052-a2aa-e053c4e77673,Running,21.62,4:52,7.82,577,273,75,9
2020-10-28,8850e760-8cfe-4e09-9cba-80de5e452c4d,Cycling,9.33,5:40,11.42,601,474,74,3
2022-04-26,2837d98a-ce39-4732-aaad-59e765a9cc88,Other,6.24,5:58,17.55,634,312,142,8
2022-05-03,fc12bbd7-e5f5-4eae-b629-2bd0b3cb381f,Other,18.34,1:02,13.07,1057,188,131,9
2020-08-31,8ec43b59-bd12-445e-89fb-1782b60952ab,Cycling,16.51,2:56,18.09,1339,400,100,4
2021-12-25,06751afe-9a41-4363-9316-7c029e3962b7,Cycling,17.3,4:52,10.8,541,430,130,1
2022-03-03,25739535-1fe3-4c7b-8640-f0e764b88795,Running,23.18,5:09,17.65,1221,337,91,1
2022-06-20,6ac4306e-3348-4da9-91a4-6ee420efcb63,Other,25.53,0:35,12.19,501,306,71,1
2022-04-17,1cc09239-9832-41c5-94c9-c32271f0b735,Running,27.19,1:44,11.96,707,333,120,1
2021-04-02,b4b5148b-a24a-4d8a-8ad0-85594feb8bcb,Cycling,15.39,3:54,6.61,1336,215,63,3
2022-07-21,eb174aa4-052f-41b7-af6b-348deefb3eb9,Other,2.47,2:32,17.32,516,199,123,0
2020-11-03,ffb6236c-34a1-454d-bae8-411f275d163f,Walking,27.24,1:02,14.28,970,95,94,10
2022-01-29,bb28b4c0-2c4a-46a7-be7b-585cce0afeed,Cycling,6.33,5:56,7.21,1312,243,126,4
2022-08-10,133563d2-0fcd-4458-9855-29a78b969bcc,Running,3.57,2:12,5.55,1320,462,89,6
2021-01-19,f414a901-7e52-4ec0-ab3b-d8d5a1d3d7d6,Walking,12.5,3:47,5.64,628,476,114,1
2022-06-22,0902561a-745f-4f72-8460-0db577fd07b2,Other,27.19,5:32,10.06,1221,356,137,8
2022-06-27,f9ca7823-3ac5-44e9-a3d8-d0bf4cdfd2e2,Running,11.52,2:16,7.87,821,65,83,4
2022-05-05,f2119416-133a-44bf-9aa9-e096e387ed4e,Running,14.46,2:26,6.37,946,441,106,2
2022-08-19,998c2c31-30af-4354-b77d-50a00d40ea87,Running,15.8,2:42,12.8,1299,252,63,7
2021-10-09,edd6815c-a616-41ef-9582-f8c324edcad1,Cycling,29.63,5:49,11.33,1396,141,73,9
2020-11-12,1d87204a-0074-404f-96d8-979d0b8bcbe5,Other,24.09,2:23,11.35,685,374,87,9
2022-07-27,55663b47-8614-442c-a07b-6ab505dc1837,Other,25.8,3:00,16.25,924,91,107,7
2020-10-14,60c2ce0c-ef5e-46de-84a2-277c7abc3d53,Other,6.75,5:12,6.22,1134,276,109,8
2020-11-08,9c69254c-bb05-4996-8efd-505cd3f94ce1,Other,29.97,3:33,18.05,713,491,114,0
2021-03-31,80b87874-a9e5-422e-8e57-2c8410ecff85,Running,15.57,3:11,13.08,701,59,118,4
2020-08-11,75e507a0-514f-4d8f-9933-d33906652a2b,Other,16.39,3:04,8.61,1054,169,84,8
2021-09-11,e7889389-0e4b-4730-887b-b32443fef16c,Cycling,12.8,2:25,13.87,937,480,102,7
2020-10-16,baaa8016-813d-4192-b448-cf5dc179d5a2,Cycling,25.08,3:52,8.05,1185,481,103,2
2022-03-27,27d8a230-ef48-4851-a65a-7ebf7918c391,Walking,9.23,4:17,8.21,870,429,90,5
2021-11-14,f2b08782-3681-4455-918b-792845157728,Cycling,7.3,5:42,11.17,862,39,88,5
2021-12-08,6e7d648c-d2ce-438e-8321-ad4d98eed167,Cycling,24.1,2:34,13.35,916,98,67,6
2020-11-03,488afb05-dc2d-4b55-8b55-bc9d78d17e5d,Running,3.96,4:18,13.6,1176,271,129,1
2021-01-14,70f2d8ea-0afd-48fb-b4a2-bf63d7db92e6,Cycling,7.67,5:12,11.06,1154,476,85,1
2021-07-27,104b64e7-b7b9-45fd-ac68-213c3f8084f0,Running,18.76,3:33,17.61,1138,336,113,10
2022-05-25,73784d69-3b12-43f6-8e26-9b9e7f51f0dd,Cycling,18.8,0:40,19.96,1463,233,77,6
2022-04-12,d70d4a97-8d22-462c-8474-762bdb9912bb,Other,8.61,4:33,8.72,1057,485,111,5
2021-06-22,ce7dfb01-e936-4852-bd19-16320cbd0ec2,Other,15.12,5:26,6.33,864,220,138,6
2021-09-16,bbed111e-f92b-4c20-b1d3-65e0cd40857b,Other,10.46,2:10,14.9,1043,429,125,9
2020-11-29,a6c60c55-4d57-4696-869f-575545f9440d,Walking,22.2,0:39,8.3,1486,148,81,9
2021-02-16,a39ae686-3669-47cc-b387-e9e67392a1a8,Running,4.22,3:16,8.81,635,255,144,7
2022-06-25,8f8e5d6b-7ce3-4cb9-b46c-ee77c9c63cda,Cycling,25.25,5:25,11.33,1077,304,139,2
2021-01-01,1154fab8-0ba3-4205-bc49-3d58fe595756,Other,6.95,3:27,16.82,1079,485,112,5
2022-02-09,88d98729-6e94-405f-8715-7919d841203d,Walking,10.4,2:56,5.48,1335,474,134,3
2022-02-23,8a5355ac-3605-4690-aceb-3db889e0d317,Other,21.06,4:40,5.71,726,374,110,9
2020-10-02,02b07753-7d81-4b4b-9250-d71ce8385767,Cycling,21.24,5:07,8.0,953,317,148,9
2021-09-12,840a242c-2144-4d87-881f-56c7b1eb082a,Cycling,13.79,4:03,8.2,1392,24,109,1
2021-01-13,ac51093a-40ff-4de1-a5fe-19883e9366c4,Cycling,5.7,2:59,10.4,1480,258,141,4
2022-08-13,b1f9fa01-6685-4eaa-9c2d-82f03a982f80,Cycling,24.09,1:31,15.7,1471,244,79,5
2021-09-18,bfd33aca-a008-45a7-adc4-1978c407a537,Running,16.17,1:45,17.2,787,30,134,1
2020-10-24,7ef39f61-a49e-4656-af44-de5794050d96,Walking,3.89,2:54,7.7,1141,1,86,2
2021-11-27,dc5cf626-e1db-46e2-8034-d6a0be68684e,Walking,28.29,2:07,12.01,1392,309,113,0
2020-08-21,3f2da248-699b-4cc5-9be9-f39c08e876f4,Walking,4.38,0:28,16.56,1259,406,99,5
2021-06-01,86d73aac-c478-4636-aa48-2321f3c6d4a6,Other,25.87,2:39,14.15,746,167,86,0
2021-07-14,842b6e10-5f13-4cd4-8f98-a6c9d4f86d07,Walking,7.41,2:06,11.82,558,139,87,7
2022-03-21,d14a0717-aab7-46a7-a8c9-f59f18ee8b5a,Running,7.83,2:38,18.98,902,208,95,3
2020-08-25,3a5eef52-c391-4670-8151-925e835943ca,Other,11.91,3:21,6.4,1126,32,108,5
2021-01-19,02ee8e59-4be7-4c76-b8af-cf8bbc0a1174,Walking,19.64,5:11,19.06,1430,64,146,10
2020-10-30,d91ff872-d5a5-4022-8903-64ce896d18d2,Running,16.27,5:53,11.35,1272,400,117,3
2022-02-15,e5a6861b-5d36-4070-a9ef-65e3f3cffb72,Running,9.12,2:20,9.76,1292,340,117,10
2021-05-13,8d14803f-ce04-441d-9376-b57e67bde24c,Running,18.68,1:42,12.07,934,154,96,3
2021-05-10,c0f18377-3db5-4a5d-8aed-52d9198f93c7,Other,15.51,1:54,7.93,1056,378,106,8
2021-05-17,202953a3-3010-45c2-8a33-d8dd684e3930,Walking,2.01,0:47,8.06,954,451,115,5
2020-08-19,852d7717-60bc-4ee1-ac33-92a53ed17c7a,Running,9.91,1:21,12.75,938,100,138,7
2020-11-18,0d1efb4d-4329-4ae4-afa6-153043219b83,Cycling,6.95,4:25,16.85,789,442,86,9
2020-09-07,850fc762-451c-4135-a5ba-bfcb7384f69b,Other,2.95,0:34,8.8,1179,310,69,10
2022-01-17,fa0be395-288f-4335-9380-7eec90c8dd2b,Running,19.16,0:53,12.29,664,382,120,5
2022-07-03,14777701-272a-41b1-8fe1-de1a21f7b365,Walking,26.34,4:45,17.59,772,487,118,4
2022-04-03,52b5e2e4-ed91-4a80-a0d8-d6ddf4b45e3c,Running,28.46,4:35,7.44,1131,262,136,4
2021-07-17,8aaa6a67-14c8-4349-9b1a-beb2c8108336,Other,18.28,4:55,11.79,1455,8,85,4
2020-10-10,36c6576b-fd61-4529-9757-c321aedd4cf1,Walking,13.13,2:36,11.52,1489,133,118,9
2021-07-14,b5fd8cd3-1372-4a17-a7cf-3928c7ee9524,Other,6.16,1:20,16.05,1439,275,76,10
2022-08-31,4df78862-619a-4726-829d-a99650ac45a8,Cycling,23.61,5:55,15.03,1239,193,103,1
2021-07-15,4c80a3a7-c6c6-414a-b749-728117be3c46,Running,24.89,3:20,9.5,711,206,104,1
2020-09-02,b2a6f7e8-1dd6-48bc-8fe2-dbd833beb1cf,Cycling,15.39,5:31,16.14,630,9,60,5
2021-02-23,52761eb9-1759-4531-bbe5-ea908c7ef304,Running,16.72,2:12,11.55,1190,202,125,5
2022-02-20,237935d7-dc41-406b-898d-234fb2d9f125,Other,28.66,0:24,6.86,576,395,136,6
2022-01-20,772ddbaf-3c2a-4565-9251-6757e7c751fa,Cycling,21.15,5:56,12.11,720,84,108,9
2022-03-19,e5d8984f-f0ca-4001-a520-e76dc7535974,Running,23.57,1:43,6.39,1038,206,125,4
2022-01-08,2a6df343-6117-4b52-89a9-a780b33792de,Cycling,21.08,4:03,5.18,1339,246,85,6
2020-10-30,fc3152b6-476a-4194-9ca1-21e947f9284a,Cycling,14.07,1:33,19.92,1118,341,61,3
2021-02-13,e7ab8832-905c-4926-86b9-6e71f699ac42,Other,4.6,1:35,6.36,787,15,105,10
2022-03-12,df9571f6-1657-4f5f-a5f7-5ce9aa0ceae2,Walking,26.98,1:13,15.08,1336,387,113,1
2021-06-10,b044077a-83f3-4913-b3ba-cdf7cb78dd16,Running,8.97,3:07,10.57,1286,402,110,9
2022-03-16,f1417a47-39c8-4fd3-bf22-66db3e7b9a6c,Cycling,23.8,3:14,5.27,956,418,75,10
2021-04-21,08d0fdda-9711-471e-9218-021c0dee31a7,Other,4.66,0:28,15.03,702,40,104,9
2022-03-02,98288fa6-7893-492e-bc0f-b423ae014e8b,Cycling,18.46,0:39,8.85,1399,480,149,6
2021-01-14,8c372392-2e43-4fdd-9e69-f4339010b1e6,Walking,25.97,5:28,7.9,724,360,82,2
2020-12-12,9e6770fc-49d9-4d55-b6cc-9c47b14b066e,Running,7.78,1:54,17.28,910,63,136,10
2022-07-04,b498c73b-eaa7-4352-8d34-1cca1d34faee,Cycling,8.92,1:46,9.83,992,139,89,3
2022-05-27,b9bcb857-52a5-4d9e-8392-d6730bc7842a,Cycling,10.53,2:27,11.06,1017,53,87,2
2022-01-11,763878d2-179b-49d7-8737-538a5e096ec6,Walking,10.89,3:01,15.4,1227,161,111,5
2021-02-27,3843faad-f7c9-4c04-83b4-1a14687c82b1,Walking,8.08,5:37,6.32,1149,485,98,9
2022-07-04,3a5d92d8-aa15-485c-a46c-99272a14dc0e,Walking,2.34,2:29,6.21,1343,32,130,5
2021-12-08,1d36c01d-31f0-4c1e-80ac-500fe687785c,Walking,8.3,3:52,13.78,1294,176,114,8
2022-07-28,2dd1ae22-3aa1-4d47-adb9-b456e549e9b4,Running,27.26,3:41,17.57,740,270,110,4
2021-07-20,1cb81021-711c-47ca-84c7-a4382a6594ec,Walking,28.78,1:19,15.65,1049,315,60,5
2021-06-15,9daa08ad-3484-45e6-aae8-3ec33a9c1bc3,Running,26.93,2:10,16.73,1202,379,84,3
2022-05-18,16770cd7-3057-489e-b093-4b6fb20f7f43,Other,15.97,3:11,13.72,1451,48,67,6
2020-08-29,eef59983-694e-4a75-81af-638f9b765489,Other,3.13,1:58,5.37,994,102,72,5
2021-08-02,27ecbd4f-8824-4d12-b3e1-2fd2f43c5a1f,Walking,18.6,2:52,14.87,1110,305,74,8
2020-11-05,7c5fc617-5cfe-4d35-aab7-24be577462c6,Other,27.16,0:21,15.63,1143,397,66,7
2021-01-01,804c9b50-2862-4985-b83c-f6ffa18dfabc,Walking,7.25,1:34,6.53,1360,252,85,5
2021-12-24,f8c02126-9b40-49d2-8f3a-92e7f747a94f,Other,5.28,2:41,11.31,1366,287,65,7
2022-02-23,61eea233-893f-4b7e-9e06-36bdade4e22f,Cycling,20.77,3:28,11.7,1325,24,84,4
2020-12-05,b8e9c017-d8ca-40d7-a285-fe94c3cd535e,Running,5.14,1:20,11.76,983,433,81,6
2022-03-06,dac8d3aa-be4b-41f0-91f0-f0afe11b4c1e,Cycling,6.69,2:41,10.05,583,328,101,7
2021-07-08,39a4ecb1-15e9-4965-98ec-797638b16bc1,Other,24.88,3:30,5.62,790,303,109,7
2020-12-07,54251cdf-aab5-48c9-8905-b688e79d7ffc,Running,25.79,0:20,15.6,862,347,113,2
2022-02-15,2941e6ea-fa4f-4857-81d8-92585c10402d,Cycling,23.23,5:28,8.01,752,180,102,10
2021-12-25,c3cc0c50-5dcc-466e-921e-a7be10c8d904,Cycling,16.47,5:14,7.55,576,441,131,9
2020-10-24,c68395f1-5280-4a8c-af6d-11cc62101b22,Cycling,15.76,3:46,15.54,745,37,122,2
2021-02-01,385150f5-832b-498e-87d3-8f60c5abebe1,Running,23.83,5:38,11.19,1252,120,112,8
2022-01-30,1f67fbd9-fe4a-4ed0-943c-cbf335e512d4,Running,4.05,1:12,5.6,1435,288,87,5
2021-06-08,6bf5fbcf-9b00-4748-a500-8184b5b848e5,Other,3.74,3:05,12.69,1187,426,146,3
2020-08-14,13e42f8a-d61d-4d7b-87b8-54e024e44718,Other,13.63,5:22,7.56,1164,173,65,2
2021-08-02,c61abd19-52fd-42b9-9176-8c81769e7a15,Running,8.57,5:30,18.1,1309,241,77,2
2020-11-07,fee39f4d-27d3-43bc-bc17-4b0242e6b0c4,Other,13.44,5:25,18.82,1177,199,102,6
2020-12-20,bf4c7246-3082-4b0d-ac75-d024e4a142aa,Other,27.7,1:33,19.69,1109,274,135,4
2022-02-12,3781c9d7-cb69-46fb-8ddc-cc9704fd0211,Cycling,8.73,5:27,11.06,983,223,71,1
2022-07-08,b62d91b7-8d29-49dd-bb6f-0ea3b73609a3,Other,8.74,2:42,15.42,1447,168,102,2
2021-05-06,b8ddca8e-7c1c-4bf7-a032-50b782329258,Cycling,28.2,5:46,18.21,1186,461,73,8
2021-07-30,95a5486d-d3bf-4e8f-bfc4-0fc9057efdf9,Walking,22.25,3:48,11.01,1366,103,74,2
2022-07-06,af582371-12ea-4f8f-928e-b60b50b6b96c,Running,2.77,5:58,7.04,532,363,113,3
2020-10-17,b71e9281-641a-4206-8ad8-d87072e3db4a,Other,21.68,3:20,12.53,1085,399,108,6
2020-09-24,25343a73-93cb-4873-b1bd-29ce543c6c59,Cycling,12.61,0:47,11.94,1117,246,77,7
2021-06-18,4bc780f3-aac1-4f3e-bca8-eb3fd0b22b7c,Other,22.61,4:54,17.4,702,202,89,5
2020-08-18,9214a2f5-3248-43e5-a85d-98c84eba8aa0,Cycling,28.45,5:09,16.43,925,350,72,2
2022-08-31,be4fca13-ab01-43e7-ad23-2800e6193b18,Other,23.33,5:28,18.55,790,181,134,0
2021-09-15,69d1b42a-7527-442c-bb7f-9139008151eb,Cycling,19.73,2:03,12.13,1430,301,110,4
2020-10-19,d990a240-ec26-42ca-9797-720e1a49c4b2,Walking,21.35,4:05,11.41,1067,240,89,7
2022-02-28,0c916d6b-abc0-463d-8b5c-7898a4e4ff6c,Cycling,24.64,5:00,16.2,1443,28,144,10
2021-05-08,ae590551-bc1e-43fa-b2d2-11f11fe290a6,Cycling,19.24,5:55,6.52,1174,303,125,8
2022-04-14,476375e2-af4f-42cc-9898-0692183bc84a,Running,14.54,2:04,19.99,1345,384,97,9
2021-05-03,eac835b4-9f76-4b26-999b-0033b26ca1e7,Cycling,18.02,5:09,9.84,981,279,112,1
2020-11-06,5549779b-5db8-462e-adec-79121409f2d7,Running,14.17,0:48,7.69,625,109,104,2
2021-07-28,2820cead-e022-4c45-b547-c991c3489bc0,Cycling,8.79,5:37,18.89,1363,203,137,6
2020-08-11,ec846ab6-d3b9-4e4f-839c-21af1671ea67,Running,7.61,0:56,11.29,1362,352,108,5
2020-11-12,1fd98f30-fb56-4da1-a20c-9b25b52bc52d,Running,16.68,3:38,11.07,1390,470,62,7
2021-11-18,139d8e4a-bfda-487a-973f-21de29e898df,Walking,11.17,2:18,16.13,1387,448,148,8
2021-03-27,120a3737-0cd9-4934-abdd-9d1ba3690a0c,Cycling,19.91,4:17,9.81,1328,247,118,2
2021-01-21,5062aa04-4879-4993-9e12-b88876a174ba,Other,21.89,3:39,6.19,1091,498,92,1
2021-11-30,7d6c2066-0355-4164-ab76-564fe6873848,Running,6.51,5:50,7.91,891,17,93,2
2021-08-04,74a8a1ad-2a7c-40f6-b890-35804ca0f581,Cycling,10.02,0:59,14.23,852,192,87,5
2021-12-29,ef38eb61-7e9e-4098-a4b4-b44c40d578b8,Other,19.41,3:58,5.09,1014,168,133,1
2020-12-15,feedfe5f-8d3d-4a56-b3fe-234df1c23144,Running,2.19,5:21,12.2,1094,101,111,4
2020-08-11,55074e66-8af2-42a3-95e1-f2f48a2d6216,Cycling,11.54,5:34,17.96,691,98,139,6
2021-11-11,8a46119f-276c-4786-8298-c1ffb0b489c3,Running,13.01,3:22,13.19,1478,55,91,8
2022-04-30,430cad9c-2123-4351-8da8-90d6945d850d,Walking,8.54,3:09,16.97,1193,205,120,9
2021-04-08,5c1a5af9-9ff9-4ece-967a-65694c47d2f9,Cycling,23.2,4:46,5.79,926,379,83,1
2021-12-12,81c7ff71-658d-4c90-b9de-41108072c557,Other,8.84,2:32,9.21,1105,198,139,6
2021-02-23,b4e31c07-3584-40d6-a48e-6d42abee1ee7,Walking,22.58,4:34,8.46,509,178,148,3
2022-05-10,d53ec17f-4655-4375-b519-035455267452,Other,18.99,2:09,5.85,824,414,64,7
2022-06-11,28758b3a-84c3-44ed-8980-0a446d60e296,Other,26.02,3:14,5.79,1258,29,98,6
2022-02-21,74f12756-f953-4c3c-b389-53ac72b35413,Walking,14.95,0:16,8.65,1454,278,87,0
2020-10-19,64425592-beb8-4c4a-a4db-f24fba2160d7,Other,26.89,4:52,8.87,1333,358,124,8
2021-05-28,478b745a-fadd-4d02-bcb3-6c23f95f4c5f,Running,20.81,5:56,19.26,1128,65,140,2
2021-09-29,b845b304-bf6c-4db9-b47b-bce2a1e57ba4,Other,23.35,2:42,9.53,765,307,139,8
2021-12-27,67f477ca-62d6-4502-8100-ef5b2e9a91b1,Other,5.79,4:43,9.45,937,377,126,6
2021-09-20,f3e8661a-8109-4006-8ce4-73dcc2b8f1c5,Cycling,21.23,2:12,15.45,939,107,91,4
2021-08-30,381eb958-f5f1-40ce-9e82-f7db7269d38c,Walking,3.13,2:38,18.7,552,496,134,8
2021-09-16,e50fd361-d63a-4a61-ab88-22f304d3f397,Cycling,7.48,5:48,12.03,1045,289,134,7
2022-01-27,87282ecd-dcb3-4ed7-8bdf-be536961911c,Running,24.05,2:28,18.92,1086,286,63,8
2021-01-14,bda904a6-b715-46e0-8e75-dd545020e020,Cycling,12.64,2:09,8.64,1220,466,123,3
2021-11-01,524b2397-b651-4388-9e14-0d1e430c01df,Cycling,25.47,4:32,6.86,930,46,148,10
2021-01-25,9e5d4fbc-d0ab-40b7-b373-826b56513ddf,Other,21.7,4:19,11.33,1456,212,121,5
2022-05-26,4232e1b2-6318-45e2-9739-d98bee26340f,Other,7.0,4:14,14.33,780,286,69,4
2021-04-30,8630465d-4bab-43bc-9dbb-54e1045bddb9,Other,4.99,0:46,16.35,1234,213,107,5
2022-07-17,a469c7cc-e621-4341-bb97-6a611d796323,Walking,15.35,4:24,8.01,1365,468,124,5
2021-10-03,1e4ea0a1-d015-416a-93eb-d91128a482cd,Cycling,25.33,2:14,15.75,981,128,107,8
2021-04-06,b1ce182c-cc20-4a46-951d-7f5e8122f14c,Other,17.08,1:34,13.58,576,18,146,10
2022-07-01,73c7e550-755e-46f2-b685-08639ccf7cba,Other,15.1,3:14,11.32,1364,164,146,10
2022-02-23,fb043827-c203-46bf-8795-a83cac0f9c27,Running,29.88,5:56,16.69,522,229,137,0
2022-08-01,663427a7-cb0f-4d5d-a0a5-f2d8d9cf49fc,Walking,29.32,0:54,18.56,788,361,101,0
2022-07-03,3ce396aa-22d1-4e4f-adaf-5d80a28a1065,Walking,11.92,0:46,14.97,1411,304,61,5
2020-10-14,a26f679e-749b-49a2-bcfd-54fb135133c6,Walking,27.9,5:12,8.63,778,456,128,0
2022-04-15,0a7999d9-3740-4c9b-9657-d1073b93723d,Cycling,2.08,4:08,16.12,529,456,104,10
2022-05-11,7d6480e3-f26d-49b0-8f96-a80a248fdc59,Other,24.5,5:42,6.49,1330,288,140,10
2021-03-14,f194850e-717c-4e1a-99ac-675d19582dc0,Cycling,10.48,2:41,14.81,1161,51,128,7
2021-03-18,a272f8bc-caa9-4003-bf76-0212eee6442d,Walking,5.21,4:25,13.97,1295,39,68,10
2020-09-09,8d711c38-8050-433e-93a1-37f94834360b,Running,3.75,5:32,7.52,1391,372,126,4
2021-09-05,83d9d86d-41a2-443f-92d8-8e6a2e3c13f4,Walking,28.51,4:45,12.25,766,181,77,4
2021-12-06,841c5690-4e7b-4f48-b645-e2f316c2d161,Running,8.86,1:17,14.21,1439,464,139,7
2021-11-07,d001f5bd-9dfb-4dd6-8c7d-fda98ed701f1,Cycling,25.89,4:12,7.14,1424,3,117,3
2021-05-10,3f36c28e-cda5-4c9f-b08e-dfbfe2257ec4,Other,17.53,5:47,12.51,1494,97,149,4
2022-02-10,13730cf6-bf6f-4fad-b942-24fe7729e36c,Cycling,2.28,4:48,11.92,1319,490,81,6
2021-03-30,8c92de5f-a00d-4074-a4d1-a6202ebc43e5,Running,4.26,2:11,19.45,1482,92,92,3
2021-08-03,7e539afd-4839-4766-a37b-14d6b60886ed,Other,19.21,4:36,15.61,571,196,90,1
2022-07-29,a4c077e5-84b0-4b0d-ac49-45851b82262d,Cycling,17.08,5:03,13.03,593,88,83,0
2022-01-26,5cee89b7-af34-4cc4-82cd-390323f58e2c,Other,17.86,1:13,5.25,1257,415,133,7
2021-06-13,7dadf97d-eb4c-406f-a49e-49d7cc89279f,Cycling,14.59,1:20,7.14,664,304,131,4
2021-11-02,bf6c88b2-c13b-482e-b0c3-3b392265dbc8,Cycling,26.36,5:11,7.34,884,202,69,0
2021-03-15,533df6e2-f783-4033-8331-8ffcf690e442,Other,19.07,0:16,13.17,1437,255,69,3
2021-12-25,4c149f13-7448-47e3-ac59-f1a3147e7905,Running,17.05,4:15,5.28,1353,417,133,3
2022-04-14,bab97e67-2a80-454f-bc00-d170e069c39c,Cycling,27.33,1:07,13.6,939,322,108,3
2021-08-10,550c9d27-b3ef-4d98-a115-3e0ffe8d4224,Running,2.66,3:27,12.3,1295,372,110,2
2021-10-25,608a057f-8856-4766-a4e1-d1399ebb15c1,Cycling,20.84,0:16,17.74,1307,194,92,8
2021-11-22,f4225046-6986-4bfe-bd1a-4a0733498185,Other,4.3,2:47,8.35,1257,23,150,6
2021-05-13,afe9c070-1496-4f61-8ce6-d4de94aeafcb,Running,24.58,5:17,12.6,1153,40,94,9
2022-01-12,a1ec0a5b-188c-40c8-940b-988f9aa4c773,Other,23.21,1:59,19.43,1395,175,67,7
2021-02-18,bf3ee6c3-5218-497a-b494-564067c9a3c3,Running,2.64,2:12,14.41,651,384,101,5
2021-11-10,8fbf1dab-0a10-4987-8819-5b97c402449c,Other,28.05,1:33,7.5,575,376,107,3
2022-07-30,3ea575b7-b223-47fd-a0d5-668b059b919d,Running,26.66,4:06,18.57,1066,90,100,0
2021-05-23,df87110c-e369-4e71-9a2c-17dd0953a69e,Running,12.36,1:49,16.79,1033,130,75,3
2020-12-31,4c4aaeae-f41e-475c-82ba-7bc3cdfb0f68,Other,29.77,2:17,9.62,1218,114,76,10
2022-06-13,db07a377-b9ad-4330-a09a-c7dc90e3374b,Walking,2.58,3:42,7.29,1117,224,113,6
2021-03-21,6c183897-e6d7-4a03-8bf4-f18ce1a21e4d,Cycling,23.16,5:10,14.11,657,40,75,5
2022-07-16,f4c7db59-1f23-4ab2-a7ec-954a26df31a2,Other,15.54,5:30,15.78,1027,171,139,2
2022-01-06,05d7528b-c15d-4edc-a4b9-716cab0c1e12,Cycling,20.54,2:07,16.56,1302,108,136,6
2021-01-11,d40bbc67-450e-4d85-b8b0-f854ceb362ae,Other,5.04,5:30,17.5,1345,90,129,3
2022-07-01,734f2ce4-6fcb-42de-a454-7f7c7cdf8655,Other,28.85,5:13,16.48,1078,188,66,7
2020-08-29,135dfc50-774d-45c9-b124-24b3d210ecf7,Running,14.52,2:14,5.7,885,278,78,7
2021-10-05,6ccc67d2-6c24-4aa1-afe2-c654e72a355c,Running,6.26,3:46,12.38,1103,381,82,8
2022-02-11,547c7a6b-a85c-4c5f-9ebe-ff6d89b61a37,Walking,24.6,2:13,12.57,596,131,114,4
2022-05-14,939691b9-b51e-4b5a-ba72-a4a018c5bede,Other,12.95,4:47,15.31,774,254,95,2
2022-05-27,1bc4a63e-9bf6-457a-a5ff-cd2259be723e,Other,3.81,2:22,10.48,1192,475,127,0
2021-11-10,0923b0dc-81a6-4258-bd7b-df7e523534b7,Cycling,27.05,4:33,15.75,1037,500,106,4
2020-12-13,50b3ee2e-ee16-4200-b52b-8796d72a5226,Cycling,16.08,4:53,16.07,1188,461,139,2
2022-06-29,12c58044-902a-44f1-a975-ceb7fc4b2be9,Running,29.38,2:28,19.8,1123,182,147,10
2022-07-30,f8e1bdf3-173f-4448-b2d4-a9aaa2fd4968,Running,11.71,2:44,18.04,1300,195,60,10
2022-03-15,ec6669bf-a6df-4d22-ad8a-34abbcadce68,Walking,25.93,3:09,17.87,952,30,111,7
2022-06-06,d9873012-2b11-420a-b89d-46b6fe2b1b89,Walking,4.57,3:35,5.16,838,290,138,2
2022-07-18,3977988d-2e6d-4671-9c93-2d35c12dd682,Other,26.05,1:16,8.66,1033,408,60,10
2020-12-26,9ce0f0d8-9f45-4775-b055-31bb43abf901,Walking,27.0,0:19,14.8,884,68,142,10
2021-04-23,32e8c26c-d44c-4497-b827-4e76bb2ec138,Running,9.96,4:06,18.32,774,349,142,2
2020-10-10,0cc44098-a61b-4128-9049-71738a5ee6ef,Walking,11.81,5:06,16.43,1078,311,92,4
2021-07-24,7680575e-499e-472d-b5f3-c9417772f214,Cycling,29.28,0:41,13.98,772,109,83,1
2021-06-25,4513b635-7ea8-4d57-8401-4d5b369bdbad,Other,22.13,5:40,18.95,1496,186,88,8
2022-04-24,3c2a09b0-a147-4e71-a90a-2e441bc98e96,Walking,8.22,4:41,6.48,1133,92,106,2
2021-01-16,7dc9ea8f-9443-4293-a80a-8b13b8dcdfac,Running,18.38,2:07,8.24,643,228,68,2
2022-07-19,f9f5e1c0-5e8a-440a-a6ab-4d2d0ac8fca7,Walking,20.82,0:40,10.86,1253,448,119,1
2020-09-18,333cfcd8-13ad-4814-a5e4-f531be0f117a,Walking,15.17,0:45,15.81,664,153,73,2
2021-11-12,b8750576-3999-4b7c-82ba-8530a0fd963d,Running,15.11,1:40,10.26,1196,368,147,4
2021-11-30,448f2a5c-16a2-49ad-985a-fadeb153dd6b,Walking,7.94,0:58,18.09,604,107,67,3
2022-03-05,0ee69455-2840-44c3-b166-e80531a8ae1b,Running,26.61,5:41,18.43,1320,326,115,9
2021-06-23,26ae5756-c31e-42fa-b37c-274bbcf2e87a,Walking,26.55,4:09,15.93,882,171,85,1
2022-03-27,ecfc4cf6-8310-4d8d-a7e7-50aa04a8d4da,Running,2.95,3:43,16.24,1059,465,141,0
2020-11-20,f3e17f9f-5193-4895-b552-80b12177dd9b,Cycling,14.98,2:55,15.88,991,135,127,5
2021-06-27,43bd181e-b16d-4994-99f5-b2e6687911de,Walking,14.75,3:45,6.99,852,334,94,5
2022-04-10,b11b0f9b-fd2e-4cf7-a78b-f6f748e92cbd,Cycling,22.95,4:16,14.4,1107,240,63,0
2020-08-19,cd946737-67d8-44d6-8a8b-7f0f51dc8907,Walking,6.52,5:08,15.49,709,383,130,3
2021-08-11,664a170e-7661-40db-aee7-e2e98bc34251,Cycling,17.18,5:45,17.69,1484,424,85,7
2020-08-09,9d25177b-ea04-4ccf-87b8-74f5fef7483a,Other,27.32,2:53,11.57,559,460,68,8
2022-05-14,5a7149bd-f40c-4949-ba65-5ae5ef52e3dd,Running,23.88,4:43,8.91,1203,391,76,9
2021-04-02,b6517748-e941-4b8c-b714-d3bfa7570724,Walking,10.07,1:16,6.59,772,231,92,7
2020-08-09,7e13f151-193a-471d-b0ec-533a105a6d2c,Walking,10.61,4:13,6.8,653,241,125,6
2022-05-21,fd22cb82-eb2a-408f-8931-7edcfaa610e8,Other,5.67,0:15,9.06,689,54,148,8
2021-05-05,5e999e78-2350-42cb-8c88-54ff7a586a5f,Walking,20.97,2:30,10.96,1477,73,104,10
2022-01-02,3dca49b9-2298-4041-a6c2-92f946279040,Cycling,25.01,4:57,9.65,504,341,99,5
2022-08-22,c1055b65-b703-4cb6-8cf2-1cbf546b595d,Running,6.36,2:51,6.22,1106,231,96,1
2021-01-11,1823be16-af1a-4289-99ea-fc4fb7cfea2b,Other,8.7,1:57,5.36,1211,435,135,2
2022-04-11,8fa6c423-6e7d-40c6-af4a-efa5357d9b7f,Running,17.89,2:25,18.48,639,365,97,3
2021-09-03,fa0858f2-7d99-4546-8c14-692ecdf6173f,Walking,16.69,2:09,5.49,1049,300,88,7
2021-07-11,0b878479-60d2-4a54-9885-7dac0fcda883,Cycling,2.44,5:25,13.46,1437,351,119,8
2021-04-04,a79a3d94-c861-41bb-b6ba-2bad1300ac12,Cycling,28.38,2:57,17.15,980,462,114,2
2020-10-17,e63fae8d-ec8f-4a4e-9608-70f0de6a2fec,Walking,17.5,0:41,17.05,846,197,145,4
2022-07-08,b66d0bc6-723c-4148-9b88-cf47938b37e3,Other,23.06,5:00,11.21,985,449,92,6
2022-01-19,3ab5175f-a6ec-4e4d-b29a-7c122a9106de,Cycling,28.37,0:22,14.18,1184,45,98,2
2021-08-27,267b7cac-1d4f-4aa2-b520-5dcad632a8db,Other,9.68,4:37,18.33,1159,230,114,2
2021-09-15,96465c2c-b6e3-4ba4-9f57-006b42f3a1bd,Walking,18.81,4:25,6.16,832,178,69,9
2022-07-31,f59444c6-70e8-4214-a160-727ea839f02c,Running,21.25,3:40,15.08,1102,495,117,2
2021-10-15,abd9ee1b-0630-4c19-a0e7-2c1c4adabf87,Other,3.27,5:40,11.92,1036,103,78,6
2021-12-25,7363a2f6-a3fd-416a-95ae-fe0f23134c27,Cycling,19.53,5:32,5.87,1002,478,76,9
2021-07-21,30549b45-66de-4d56-a25d-fd01f8d18da3,Other,10.65,4:53,19.66,601,28,85,0
2021-05-12,fc8fe350-fbe0-433a-8cd1-7bd4df125e9f,Cycling,25.23,3:26,18.4,1429,89,69,7
2021-05-21,7557d516-a761-460a-961e-fab0d0a762d8,Walking,22.84,4:16,10.65,1396,129,133,4
2021-09-15,2c4475bc-a4a1-4af2-afff-7c644ae05446,Other,18.94,5:48,6.62,940,144,129,0
2022-04-26,5684e684-39cf-47f3-a00c-9c7d3f5fe5af,Running,14.06,4:49,13.09,1431,162,88,2
2020-08-08,47f857bd-2ccd-4f22-bd37-b2a504994789,Walking,27.31,2:06,9.42,1315,90,125,7
2022-07-31,2e3f9a4c-1e04-4e24-b609-48f5ae98e0b6,Running,2.25,3:26,7.07,924,171,150,8
2021-10-19,19d432d8-5753-4459-a85a-8b91be05bb0b,Running,24.15,2:58,16.25,1006,452,86,6
2022-08-23,77a61cb6-9b45-4558-9f97-3ca9cd028a1b,Other,14.5,2:36,18.1,1429,124,121,10
2020-08-02,f7a28d68-8364-40b4-95eb-cafd4e32bb78,Cycling,4.25,5:44,8.38,785,178,68,6
2022-03-05,3596512e-1ca2-4aac-9344-4ef2bff622e8,Running,18.49,0:26,15.99,1244,188,129,4
2021-03-26,1f2cbdab-db9d-41b9-ab47-3f8b2f4c56ee,Cycling,14.65,1:20,10.93,1473,115,100,9
2022-06-05,79d33566-d887-4a16-90e7-153c93bb9aa4,Walking,18.95,4:59,15.14,911,172,85,2
2022-01-05,579aa1a5-4aa6-40bd-9fd3-17a2cd438279,Cycling,11.19,0:42,6.81,665,306,86,9
2021-09-28,de290d14-53ef-43fa-b29b-aad36dc85f04,Walking,7.7,2:37,17.61,733,32,81,8
2021-09-23,7f2b465f-ca45-40a6-a1b4-e390cf6855bd,Walking,8.32,1:49,16.16,1337,282,106,0
2021-12-08,21fe1a2a-32ab-444e-aa8c-bb806013eaa4,Cycling,5.83,1:55,9.12,1131,394,130,7
2021-10-03,85c503aa-2204-48ae-a534-00f31d63f00a,Cycling,4.16,3:44,5.3,716,144,79,2
2021-01-10,3d85762f-1f2c-4a20-aded-1fc3a5610af2,Cycling,22.68,3:06,14.29,826,306,66,1
2020-09-22,40695c43-912c-408b-aec5-550c579e1e83,Other,26.71,1:53,5.1,1076,478,104,4
2021-03-12,3939149b-9cb3-49f2-a4c0-69191adb3882,Running,17.76,4:22,7.29,1147,437,97,7
2020-11-03,2432af51-e706-4cde-b467-718a0c5bf6cd,Walking,28.08,5:07,14.42,1104,330,115,0
2022-05-26,d87e893a-6792-4eab-bcd6-e68d200dd2da,Cycling,8.71,5:09,6.48,699,124,82,8
2021-02-18,0850c7e1-2517-4ab6-88da-b1413433f799,Cycling,24.15,2:38,18.17,877,76,129,1
2020-10-22,c2b58667-887a-480c-a482-3cfa8c4103dc,Cycling,16.19,5:00,18.31,899,150,73,2
2020-08-23,76950127-2647-4004-a0a8-d6d8b59d95e9,Running,14.82,2:49,12.77,1122,440,60,7
2020-08-09,f6d45c4a-47ef-4009-b78e-05eff3664cbf,Walking,29.74,3:37,10.62,1472,224,78,10
2021-11-06,f9fba31d-25df-42b7-92e2-265dc3f99b7c,Other,18.41,2:05,9.17,1366,233,96,6
2021-07-14,77214162-f057-4f83-97ae-f84aefe362c5,Cycling,20.17,4:38,18.19,1128,215,147,3
2021-01-10,0c46b8c6-ec0d-4cc5-bf41-92f606ee890d,Walking,20.08,2:24,14.62,979,150,141,2
2022-06-27,db4507df-a616-4bde-b568-92ad62502c89,Cycling,5.49,3:12,16.29,1103,300,117,2
2021-06-11,ed4b4869-85b4-4c7a-abb3-acc37f72229c,Cycling,2.81,2:04,15.39,818,30,75,5
2021-11-02,845c144b-af35-4cc4-84e4-b8bb9837c045,Walking,14.42,1:38,12.76,1223,63,74,7
2022-08-08,0b11365a-e27a-4578-bbcd-66b31246c9e8,Running,21.34,3:31,16.21,1317,50,134,7
2021-03-14,8a70650a-7d0b-4f93-bdea-7a66a6db4814,Running,12.1,2:11,7.2,747,399,90,10
2020-08-04,2d8d6f5b-23d2-4198-bc09-8b19cca30985,Running,11.2,1:02,18.58,781,384,141,0
2021-06-10,4477ff4c-86e1-446b-950d-73e6dc7cb75c,Running,16.54,4:02,15.28,1372,409,132,0
2021-06-16,3ae636ad-3774-47b0-8600-432b546c1cef,Walking,23.11,3:34,5.58,686,417,149,3
2021-01-05,b174951a-a22d-49cf-ade1-dde72a9c437b,Running,2.46,5:39,9.3,567,6,90,0
2021-09-26,a025103b-c3c3-4f67-9b62-0523f9117fbd,Walking,15.21,2:24,9.84,1365,230,101,7
2021-03-11,759d3cf8-4e6c-44eb-b0b5-ea934048b989,Running,19.19,0:53,16.16,525,439,96,2
2021-09-08,33d650d3-b5dc-42b9-804a-d0e5be316ebe,Walking,23.07,4:38,8.13,664,75,94,5
2021-12-20,2dcf92c8-2023-4d7b-bdd8-251df4a286b7,Cycling,23.61,5:22,9.5,1208,5,112,9
2021-03-25,b0235f16-bdb6-4d5e-a715-baaacb6a9d18,Other,10.21,4:21,15.94,1429,91,85,1
2022-08-12,b62fbbb9-2098-4001-ae62-978d3df513c3,Walking,9.93,1:47,5.54,682,421,110,4
2021-09-24,a10f933f-c6df-4061-a37e-f19b79494dab,Running,3.5,5:46,6.19,1208,44,128,8
2021-05-09,a2b1a7e2-e82e-4c3f-9735-3b1edd32d0cd,Running,18.11,4:10,11.61,1180,79,68,3
2021-08-09,7b5ef9b0-a14e-4c80-9977-2931eb4fbc80,Other,14.83,4:28,15.32,787,371,114,1
2022-01-14,6f274963-e305-4dff-a8a1-2f033ceb7af5,Running,6.43,3:13,13.63,558,268,112,2
2020-12-07,05ecdec8-d040-4cfa-8994-8bcc72c5fa60,Running,16.15,5:47,19.39,916,131,135,3
2021-07-30,684730d4-56e0-4422-9a05-d588d778b027,Running,8.13,0:51,17.04,878,278,97,10
2020-08-18,c672ae13-a796-4ac4-a39d-ac2a3098237e,Other,21.02,4:52,8.33,1113,324,145,2
2021-01-12,ff8066e4-004e-4bbe-a12d-fb5923d35160,Cycling,2.36,3:03,7.73,612,59,73,3
2022-05-01,d09d1e5d-bb0a-45c7-9290-a1e99c8b8a33,Running,6.95,4:32,7.55,1230,23,71,4
2021-10-07,9b99052b-5002-479a-a5b1-9c228372dea1,Cycling,19.76,2:32,6.11,645,369,90,2
2020-11-15,f2708f51-eb4d-4684-801a-40f39ba9fcfc,Running,22.27,0:45,14.16,1202,27,100,4
2022-02-08,4b520172-eb26-454b-9cf6-fec23c7d9754,Cycling,7.23,3:17,11.36,877,55,64,0
2021-05-29,bd588080-97f4-4f40-8cc3-69a4b69372f8,Running,6.44,5:04,13.3,890,175,136,10
2021-04-13,16417f18-37b8-418d-bd6b-ba7089c58843,Cycling,28.37,2:06,5.56,679,181,80,7
2022-06-28,52a7ac20-ac84-4b0c-b3df-03e0d8a5c250,Walking,28.9,2:58,5.87,1299,287,73,1
2021-12-27,e34527fc-0819-4713-94c8-6a40895bc8a8,Running,18.04,5:56,13.82,1023,213,122,7
2022-04-01,7c3b66c5-24cb-4165-acca-02b3783abaa3,Running,20.86,1:24,17.95,523,500,125,1
2021-01-24,15693538-0b9f-4544-a241-5e03949bd823,Running,2.2,3:03,18.66,731,361,140,7
2021-12-28,ecb1e1b4-21af-4944-a54e-1fe16d337e63,Other,7.43,1:46,8.28,993,203,67,9
2021-08-15,1aa62ca5-5937-43fe-8127-76ee204c1c21,Cycling,19.64,1:28,19.66,977,395,75,8
2021-04-07,fde6e873-868e-4ee9-9e19-6fd33b848f32,Other,23.97,3:58,6.95,512,480,123,0
2021-09-22,fd92ad9b-b55b-4760-beac-05a562cce3cd,Running,23.97,2:22,15.43,1254,280,94,7
2021-04-17,d19b118b-ae96-4b2f-80a7-1e4a3e69b51b,Cycling,20.19,1:36,17.82,1431,91,86,8
2021-08-10,7822fdbc-cec6-4ce0-80af-29843fb9a557,Other,19.32,2:18,7.08,1308,107,147,6
2020-09-15,c428180f-cf30-4da0-a2a0-3ea275886fd4,Cycling,23.99,4:21,15.34,1313,36,72,6
2021-02-09,c57a0c7c-c0e8-4d34-acd7-0ff257bf971c,Cycling,25.09,5:05,10.18,1335,480,109,0
2020-10-02,393a41d7-b456-43a4-b09e-be40cd3bc20e,Running,16.57,2:03,14.14,525,39,130,7
2021-01-01,cb51f961-2a43-43c6-8aea-2c09a3e56000,Cycling,10.24,4:11,12.77,1425,46,113,0
2021-01-22,6730be32-c713-40b6-8dde-256e0dd072d5,Walking,18.92,2:52,9.57,1465,34,84,8
2022-02-27,6c0614ec-d39b-4abe-8a4d-53d5d494031d,Running,29.59,5:05,16.01,1405,323,113,6
2022-04-01,42ef27d5-cf06-4083-92b1-aca6c4c3a289,Running,17.43,1:15,10.51,901,276,90,3
2021-01-11,859e34aa-ff32-4eaf-9636-f6ec6a31364c,Other,4.43,3:54,10.9,1052,133,65,9
2020-08-06,7070777a-e1a5-44de-a3a9-ec13ea1b67c7,Walking,19.03,0:30,6.95,1011,473,137,10
2021-08-20,43cd207c-4c0d-45a2-8367-df13b3b223a0,Walking,25.77,2:56,12.02,1116,201,108,10
2021-10-12,40115bf9-ea23-442d-9df1-9cb9718ae174,Walking,20.89,1:47,13.08,855,324,150,5
2022-07-23,242b52c0-c725-45a7-94dd-63ee6b72ec3a,Other,7.13,5:20,16.97,794,75,102,9
2021-07-12,2e6cb7e5-b71b-4dbc-9ac1-2848f983d499,Walking,28.09,5:07,13.42,941,392,99,2
2021-06-16,525a1b61-182c-46f6-b203-2fce44a6a7ac,Running,29.29,1:09,6.38,613,338,88,8
2021-03-15,3644eb19-6d3b-4e07-943d-32f8f75af290,Other,29.42,4:21,15.98,1274,26,127,3
2021-12-24,bfc2f0bb-dc17-46e1-8665-9f0ef435033e,Walking,17.88,2:58,10.93,1270,43,100,6
2021-08-18,e9686e7d-1f97-4d80-859f-0625c699b853,Cycling,29.78,3:58,16.51,749,48,132,8
2022-06-09,4729c578-a5c3-4b77-a5b4-ed8352c232ce,Walking,18.33,2:05,18.98,860,335,99,6
2021-07-20,4128cdaf-bfb0-4d98-9a7e-aa1d0e3c38e5,Cycling,6.44,2:30,19.82,772,29,77,1
2022-04-21,54e41c7c-09f2-494f-9880-4abad83a3371,Other,20.27,5:53,6.82,801,272,68,0
2022-08-24,b47c1014-1bee-46a0-9654-0a1e3ef319f9,Running,7.15,1:51,8.89,761,344,76,6
2020-11-28,268cf949-e649-42b5-93e3-1b5a08d7e8c5,Cycling,20.26,0:36,8.9,851,391,110,2
2021-03-25,6ba01a92-f7aa-4cd0-a3a4-a42beeb7479b,Cycling,11.71,1:35,5.31,1330,452,147,4
2022-08-20,78f24d7f-f506-45fd-a731-082a0ec631f5,Walking,10.13,1:34,6.06,789,317,83,2
2022-02-14,ac1c10ca-3a47-425a-a3c8-5bdb970ba0ca,Other,22.5,4:07,6.41,1150,345,96,6
2020-10-04,8087f748-494c-4d98-938e-0f6f8e260061,Running,23.43,5:42,8.22,599,229,79,8
2021-06-08,185ab857-f213-422d-a30e-16cb948d58e0,Running,17.03,4:21,12.6,1410,149,102,2
2021-03-15,ad49eb7b-af1d-442c-8bc6-4bb5c3e4e5e1,Walking,28.82,5:06,7.74,916,262,67,1
2021-02-22,58d685c1-70a2-4d5a-9ea2-e2b72fdda1df,Other,18.82,2:27,5.64,1273,451,62,9
2022-01-14,6d599e4f-3a14-468a-9bc7-49e2c0f277a2,Walking,3.25,3:10,7.88,799,231,150,9
2021-12-16,778c526a-498a-4eec-9766-1d10cba85131,Running,8.36,1:01,9.79,1116,273,98,0
2022-04-18,5de9ea14-e940-4cbe-906e-cbb90f44e3d0,Running,15.36,5:33,19.33,1246,464,145,5
2020-12-30,008b05d1-4c25-40a9-91e2-0fcdc1ade1e7,Running,29.15,4:35,9.28,1406,424,80,5
2021-05-18,c702d3a7-3b5c-4d57-981a-59bdbaea0521,Cycling,14.5,1:53,13.39,1055,181,72,4
2021-06-03,a3b08663-2a29-4f24-a4c4-6fe317088808,Walking,25.92,4:07,12.76,535,125,114,3
2021-01-24,d8430b04-0dec-4091-9c3e-9330617f66c9,Running,23.97,3:18,17.34,1279,369,68,5
2020-09-24,fd40f482-9497-4fee-b1b3-a4f07ec1d4d4,Walking,5.44,5:35,18.53,1385,216,106,0
2022-07-12,c27faa41-3a76-4a0f-b71d-acfb3c5c59ef,Running,4.58,2:15,17.67,994,406,97,10
2021-04-04,494c5f03-cccf-49fe-85ee-1e4e0c190f73,Walking,3.7,2:06,6.36,808,217,62,10
2020-10-31,2f003f23-7c97-42f7-93c8-8d3172a4120a,Other,20.59,4:30,14.95,1174,142,121,2
2021-06-19,6b3338c3-b543-4e08-b0f7-8f5843547b9b,Cycling,20.87,2:59,8.3,1010,426,135,0
2020-09-08,7e0114c7-91e3-4de8-ad7c-5649eaebfefe,Running,28.95,0:47,15.63,648,368,117,8
2022-06-06,9cae76ca-b855-4617-8642-09bc999841e0,Walking,11.4,3:26,17.98,667,151,103,4
2022-08-08,8f6dff53-f6ae-4d5e-a87e-dfc0475adf48,Running,15.79,5:52,17.39,1433,52,130,8
2021-09-06,d60531b1-ed1a-4855-b7d2-7f010bd2d9be,Other,8.6,0:31,17.69,1413,83,113,2
2020-08-12,7160ab26-02bb-4bd9-a24c-bac0a36cbfe2,Running,5.59,5:43,7.02,1018,129,96,5
2022-04-18,ba65908c-874b-49c9-b139-9f61ccd880a5,Cycling,29.59,3:59,8.25,693,67,120,2
2021-03-12,aef53bde-775a-4127-a80a-b63cae86a86e,Cycling,28.16,5:54,11.27,1370,458,83,3
2022-04-25,6cbd92f2-af92-4e5e-af63-b15ef90d5b5e,Running,25.32,3:32,5.98,848,114,116,8
2022-08-13,7aa3b779-ec19-4d9d-8243-2a4de81a0e86,Running,15.29,4:03,6.01,1121,146,112,1
2021-11-03,f69c6739-42e3-4595-8182-ff9842f86ba3,Running,12.97,2:55,18.05,1300,320,63,10
2022-08-30,5b0f7bb3-c047-45e5-b749-6e05088fa7cc,Running,5.36,1:47,11.44,912,56,127,8
2022-08-25,373cb632-7ac0-47a4-8779-ea9dad02a82e,Other,9.3,4:51,6.09,543,63,67,7
2022-06-15,21756e72-202d-405c-bff5-5258e3789b7b,Other,9.2,1:24,10.13,504,120,62,4
2021-04-30,92baa1d7-df55-48c5-a9ca-f3ec6db802c4,Other,23.39,4:19,8.87,1435,363,143,2
2022-03-03,378d6381-e793-4357-84eb-6e7e1f76352f,Cycling,16.26,2:47,9.52,1092,199,64,10
2021-08-01,ebcfa254-90e3-4bde-ba34-98fa51174d1b,Other,6.44,2:36,6.83,1343,14,71,1
2021-04-03,63c11c98-a53a-41e7-bcef-4ebcc1c518e8,Other,7.91,0:31,5.15,811,229,64,9
2021-03-29,214d5b3c-3c16-4bf8-a250-569a46902689,Walking,28.27,3:17,12.9,516,473,61,6
2022-03-08,9f63616a-15fd-4885-8358-5eb4ac23de38,Walking,12.86,1:08,9.44,1051,492,70,9
2021-10-09,6742e1e1-6a45-4e8e-b9bb-d2aa6f2b3407,Running,20.96,2:59,14.52,1437,3,117,2
2021-06-11,a8c217fd-4a4b-4b61-8d21-b4c9c0b011af,Cycling,13.94,4:36,7.33,1313,306,131,3
2021-03-24,8c8575a0-b930-43ef-9331-e6b9bdc06e69,Walking,5.27,5:05,5.67,1007,292,150,4
2022-06-23,62bb5216-a932-46b7-8c08-46fcc25a1a21,Walking,20.33,2:08,6.21,1081,236,146,4
2021-09-15,774606db-9122-4788-97b3-bf5be8a17894,Cycling,11.65,1:48,11.02,869,446,89,5
2020-11-16,8940d0aa-b218-4675-8bdd-99aafb551410,Walking,15.49,0:39,9.31,531,11,78,2
2021-02-25,32239084-b668-48a6-94e2-e6a7235a2fa9,Walking,14.88,4:46,8.09,1342,10,88,2
2022-07-02,33edf752-e1c6-4ed3-bde6-76cf0aac115c,Walking,24.88,4:38,19.26,862,254,75,8
2021-09-10,d87268e2-b9f9-4c39-a2d4-387a6d3a9b69,Other,13.46,3:16,13.45,623,393,66,9
2021-12-19,dcbf6b9a-bb72-4fce-98a1-1e2208d002d4,Walking,2.14,2:10,18.22,646,149,123,3
2022-08-28,25364be5-d799-4c2e-b632-c964fb946a37,Walking,20.73,5:44,9.24,1493,485,88,8
2022-01-20,a2ce1de4-ca8c-487f-9079-5f59e508fa8b,Other,19.91,3:02,12.57,608,67,128,9
2021-12-14,ff7d0be9-2c88-4ae9-a5b5-35471b24d1cd,Cycling,26.35,4:20,10.75,875,47,73,9
2021-03-21,e65f6914-6b5e-48e5-b85a-95f2db625226,Running,5.15,5:59,6.68,1354,118,112,9
2021-09-17,1dd101ee-878b-4d86-8a35-fb378762ac81,Walking,24.24,1:20,17.5,1090,203,117,2
2022-03-04,be90bf80-d60f-450e-b6aa-ebaead2ba4ba,Walking,25.85,4:46,15.88,1406,73,79,2
2021-06-25,b91a9697-6807-48f2-9072-1137541d3a92,Running,28.42,0:31,19.08,1053,429,135,3
2021-07-17,acc6859a-fbbe-40bc-ba36-579b69a83c5b,Running,12.74,5:56,8.97,1225,215,62,6
2022-06-13,484dbe24-8d4c-4ed5-af98-c671a208ffab,Walking,27.11,1:58,13.01,1122,333,82,5
2021-08-27,7c203d4e-6f35-42b9-959a-13916dd3ad1d,Other,19.77,5:37,8.85,681,156,124,9
2021-03-26,d78c1002-887c-45df-b754-76e986084fe3,Running,15.87,0:42,6.92,1489,423,67,6
2020-10-11,43ca5ebc-eded-4506-b52d-6ea3c7544a75,Other,26.14,0:37,8.6,782,110,77,1
2021-08-18,251870dd-c568-4750-bdc2-684db76e3f14,Other,29.03,1:21,17.08,830,15,148,5
2020-09-08,e13931cc-202a-45aa-a0b9-7734a7f2249d,Other,28.26,2:26,18.34,1052,217,111,5
2021-09-30,a7f3a7e7-1f34-40ad-bf4b-07d31d10a5e4,Cycling,12.45,5:24,14.43,1126,82,129,0
2022-05-20,fdd5867e-5fbd-4320-92c3-671ea10d4be8,Walking,11.4,3:07,12.45,1215,389,78,7
2021-10-10,4b75e2ea-3783-4295-b4ba-a923f39af9d1,Walking,3.64,1:22,16.63,995,129,107,2
2021-07-16,fe6830ad-85a0-4e9f-a405-27243bd19805,Running,13.57,2:53,18.46,740,38,128,9
2021-08-11,5e3b275b-c588-4b38-92f7-c066ece72748,Cycling,14.6,1:51,11.01,1378,415,84,4
2020-08-25,7f467d7f-e649-462d-bb41-2c5afe2ed9c2,Cycling,27.04,0:15,18.92,1428,236,91,7
2022-05-02,8801e582-05bf-4b4d-a49c-88e405889cb6,Running,13.98,5:29,6.34,1385,77,145,1
2020-10-13,4ccfa982-d43d-40af-b708-8e15ab726bc1,Cycling,10.77,0:42,14.75,1389,159,102,4
2021-02-02,2ff2fcdd-d269-4c20-b414-89ff37738b24,Other,9.43,5:29,8.62,634,226,93,7
2021-01-26,533e522b-01fa-45e4-990a-f8e57a90999e,Other,28.18,2:05,5.72,641,312,122,3
2020-10-31,60b56018-2b3d-473b-885c-1c5a84eb1501,Cycling,22.18,3:40,13.11,557,450,93,2
2021-08-18,ff8b7194-8076-43c1-8a90-01a291dbb637,Cycling,6.85,3:14,8.34,1461,235,83,10
2021-03-29,a174b399-a4bf-4dea-852f-37d8e9face57,Running,11.96,2:31,19.87,1306,456,85,3
2021-06-27,10752206-1856-4c4c-a534-f6f1d8752784,Other,22.88,3:35,6.12,955,344,71,3
2022-06-03,de2792bd-a437-456a-9df2-da709f8b0858,Running,8.88,3:11,11.71,1101,314,88,0
2021-11-12,3bab2aaf-ed55-451b-b42a-4f126f407e83,Other,23.64,5:47,18.74,1344,61,97,3
2022-06-21,5fa1e9bf-32e6-4e17-9a21-20be9cb71ae8,Running,6.83,1:49,9.14,1320,212,88,9
2021-08-05,866e3940-62cd-465e-81ff-19545de2f784,Running,12.06,1:59,16.44,1372,403,68,4
2021-08-24,16e29ad5-d5db-465b-8a24-86dc635f60d8,Cycling,23.97,2:14,16.64,725,449,114,4
2021-04-07,ad85ce70-2868-4013-a3d1-4e98ae591f7e,Other,16.73,1:48,19.15,1108,51,61,7
2022-04-01,7a7655fd-4e0b-48e1-b006-9d037319dbfb,Other,26.29,0:18,19.75,777,174,134,4
2021-12-10,470fd48e-0f4a-40a7-a67e-b366b7ecaada,Walking,23.63,3:46,8.55,990,184,135,0
2021-12-22,47226b5f-a090-4aa0-b57c-ae01f4979b11,Walking,25.54,2:54,17.91,651,181,144,5
2021-05-02,1f4e7ad5-2f60-44ef-9d19-59120a10ac10,Cycling,18.67,1:07,8.59,632,251,109,0
2022-06-20,67ed5005-c2ef-4bc7-9971-aaecff80aa29,Walking,24.06,1:56,15.62,882,309,126,4
2021-01-10,c1d0b754-ebb7-4708-8728-0c46f08269db,Cycling,8.48,4:36,7.35,874,407,72,3
2020-08-25,11e6dd08-1ca8-4506-bdbf-fd86f6471ec6,Other,17.33,1:57,6.18,529,416,89,4
2021-07-25,156cdb6c-6c7b-4002-98c1-ded135a9086a,Cycling,16.62,1:33,18.39,1299,440,140,4
2021-12-17,708ca8d0-9742-4601-87c3-2aa575108a48,Cycling,25.63,5:39,9.65,891,46,76,6
2021-09-27,865471d7-daca-4ef5-ba1a-6a9b2c2790bc,Cycling,24.08,3:23,16.53,852,137,60,1
2021-08-25,e77504a8-457d-401c-a665-9fbd91ef9a83,Walking,6.12,4:04,6.87,548,204,63,4
2022-05-06,7064e6c7-15bc-4d1a-ad53-e9029ec90e7d,Other,18.19,0:33,6.52,788,6,79,1
2020-10-14,06503c1a-b97e-49ae-a485-e3c95a23c7e7,Cycling,28.71,5:17,17.26,644,219,76,7
2021-07-29,615abf93-b74d-4195-8320-c6a9ac4580c9,Running,17.84,4:45,10.64,1316,294,131,0
2020-12-27,522af8c4-615f-486c-ad76-6bfa9df47154,Cycling,23.42,0:57,11.92,780,15,105,8
2022-04-24,7e648242-417c-492a-84e2-964679d4be6f,Running,14.38,3:46,12.57,1400,216,121,1
2021-04-22,2faf0942-1a30-459b-89f7-2ee042f2b964,Other,29.34,2:14,19.28,1180,21,85,9
2020-10-31,dafa2e3d-c920-4524-86b8-08419673654d,Walking,5.93,3:54,18.91,1093,391,132,8
2022-05-13,515a5cc2-6768-4710-8a1c-dfc86c53fdbc,Other,23.23,5:55,15.7,1419,131,67,3
2022-09-01,1ab55d49-0863-42cb-893f-c74117e86d63,Walking,12.22,2:02,15.13,1297,158,68,3
2021-12-09,2972fce2-2d2b-4598-a1f0-a062ce382ded,Cycling,16.71,2:19,14.66,577,338,143,3
2022-02-12,d5f5fd38-f974-46bf-8aec-0b57bfdfb0b9,Cycling,21.57,4:42,15.65,720,406,64,2
2021-05-09,052873d5-d447-44e0-a60b-c1ddee22a0d4,Running,25.38,2:54,9.85,1129,166,134,5
2022-05-10,77e28e85-f304-4887-9630-5905dafca42a,Walking,19.2,1:31,9.25,911,350,65,6
2022-03-30,0f6335c8-130d-4d9b-aa6e-a6dc41462840,Cycling,25.09,5:48,6.64,829,53,89,1
2022-04-26,e0f58d1d-768b-4729-b8d5-68f625648a6a,Other,6.28,0:24,5.85,555,163,62,2
2021-06-15,ea913ae3-41f7-4937-bfa0-53980d3b44e2,Other,4.79,4:24,19.51,1169,426,107,4
2020-09-07,65da7f50-9097-4951-bc4b-e28197c83e5a,Cycling,5.03,1:01,16.69,534,13,150,2
2022-08-17,896246c8-1685-4145-9053-10a994c801e2,Running,19.82,4:49,12.79,579,314,74,5
2021-02-19,61e10ba0-3028-41f7-9b0b-9bb038aead93,Walking,18.87,2:54,9.11,1240,132,102,9
2020-11-08,a842ce6f-e28c-4dc5-b26d-b50eca5a4ae7,Running,27.54,1:30,18.7,1063,319,134,5
2022-01-10,068ce021-6596-41c3-81e2-9617f0261b55,Other,20.46,3:40,7.76,733,309,124,6
2022-07-11,9b6ec450-43e8-4fe7-a02b-ca3b6f43d37d,Walking,22.37,4:06,12.43,1422,207,91,8
2022-01-24,0b46dced-c0f9-4f2d-98cc-40cb6e94da11,Other,10.11,3:12,6.08,1123,203,61,7
2021-08-07,21ab0d79-081b-4252-8765-ee45ed9692e4,Running,18.85,0:32,6.92,1407,127,98,6
2021-08-05,fde872aa-6ff2-4bc6-81b7-be3194028cf7,Cycling,21.84,4:19,11.66,536,69,100,10
2021-07-07,e36db77e-7b25-4e33-ae5f-bacad5586727,Walking,15.9,5:17,12.44,1104,320,113,0
2021-08-01,001b8ecc-c277-447d-837c-0f41771053ab,Running,2.29,2:49,16.9,821,21,119,0
2020-08-24,600a6f0b-1517-4bc4-93c4-55e1426e6c74,Walking,19.56,3:55,11.5,1208,439,81,0
2020-08-14,0ee0fac0-d4b9-422a-b0be-51ef3c5c7185,Cycling,23.74,1:49,8.4,1359,276,140,6
2021-11-13,4fe4feb5-db66-4670-b800-cbc07e3ac1d8,Running,8.06,5:51,7.12,731,309,147,5
2021-11-02,59fe7c57-2f36-4e25-86ef-636c00cd2891,Other,20.68,3:41,18.52,1023,480,87,0
2021-06-07,a9456b85-577b-4207-be0a-81df55400484,Cycling,12.93,1:22,15.65,544,121,91,4
2021-08-15,1304f880-83a7-4a9a-9ddd-bdf38b0a4876,Walking,29.53,1:29,19.84,846,57,139,0
2021-03-31,78529215-6ed8-49c2-bb5f-319a95b97bc1,Other,27.9,3:15,6.03,1193,256,120,5
2022-03-20,0243ac73-5774-46f4-9b00-a7ba6fea7c3d,Cycling,4.37,0:47,10.55,663,473,117,1
2021-03-18,c3316ed2-df94-4a0e-8ccb-2e0059679a5e,Cycling,17.0,5:52,16.57,1053,334,120,5
2020-10-07,69cc199c-22eb-452b-9bdb-acd16812687e,Other,12.28,1:55,6.57,746,453,119,7
2020-09-21,87475995-66cf-4fe6-828b-09ae49f0b378,Walking,18.14,1:30,8.06,1212,459,138,3
2021-07-26,85cf9a36-0117-460e-b294-be09383757ee,Other,20.1,2:50,14.5,935,60,68,8
2021-12-04,f8fbd11e-b737-4e40-87c7-729cf9e2573f,Running,29.29,5:49,13.74,715,465,130,5
2022-01-30,df21a42a-44a5-4054-9f7d-8ed96f90fa01,Cycling,26.65,4:32,8.93,1084,363,110,5
2022-02-14,b5441dc8-b86d-440d-9cdf-9705fa14085e,Cycling,25.28,5:11,15.9,674,213,110,0
2022-06-18,6bed48bd-ea56-41c0-8a19-6c69dc565db1,Walking,25.4,5:38,13.49,587,239,146,9
2020-12-22,c23750fd-78ef-4d4f-a9a5-e61f47185121,Other,2.65,0:38,12.15,1224,89,92,7
2022-02-13,ea51f2ad-8198-409c-8c5e-d5178791b190,Walking,15.39,3:45,5.7,933,7,72,10
2021-05-04,e80d2723-e0b7-43f2-931e-00fed56b811b,Running,2.57,3:57,8.57,1254,171,107,7
2021-05-09,3551991b-e53d-4e3b-9834-b0abb1650dae,Other,5.16,1:16,14.63,598,392,75,0
2021-11-24,a98c851d-c656-4ded-9750-f423d9967ce3,Running,17.34,2:02,9.72,1025,241,121,4
2021-05-08,08cdd4d1-520a-42fe-8411-ab5f679f4edc,Other,28.6,4:38,12.38,543,156,109,7
2022-03-10,b66b9263-3474-4ff8-9a28-bfc1faf9241c,Running,26.55,0:49,9.47,1179,417,114,1
2020-10-27,5f03186b-09fe-4507-983e-2377165d4dca,Walking,16.58,1:54,15.6,1418,347,102,9
2020-09-11,29e6dc07-02f1-494e-83fc-a65c694981f1,Cycling,4.9,2:42,9.9,516,333,108,9
2022-08-28,4e49a499-05b7-4d7c-8ed1-5ee2d68ebfed,Running,23.97,4:29,19.94,1353,75,139,5
2022-02-26,9e179690-3be6-498a-b324-29213d281e0a,Other,27.11,4:04,6.2,1264,39,104,0
2021-01-02,ffe64d6e-27e6-481b-8e77-951fa74532d4,Running,11.03,3:00,13.48,1491,281,119,7
2021-05-05,2b159521-7630-41e8-af72-08e8cf5e4513,Running,10.88,2:11,12.11,1403,341,61,5
2022-09-01,65fab901-0d27-4f69-a3d8-b841d2431377,Running,10.77,3:44,7.46,1416,246,115,1
2021-01-23,ca938ccd-eba2-4e11-8585-2ebbcd809c3b,Running,23.57,5:40,13.98,1382,13,94,5
2022-07-23,68f59371-a48e-4332-a9b5-89954b4ccaa8,Walking,21.53,3:20,17.0,657,16,128,3
2021-06-02,e99b0d48-8f14-4680-bf17-7f718b177ef7,Other,29.66,0:55,18.09,540,181,96,9
2020-09-27,0cc202bc-ae26-472f-bd8e-903e8396a99c,Cycling,22.16,1:13,8.13,567,31,122,1
2022-06-26,c6696c84-6035-4381-a485-8b3d57311800,Running,29.21,4:44,7.19,736,105,85,3
2022-04-20,23e62252-de2f-46ae-bb6c-4d40ef3129eb,Cycling,3.22,5:54,15.64,1020,342,136,7
2020-09-27,69c87fd2-6bb3-4d2a-bd73-73f94a37731c,Walking,4.01,3:17,19.94,912,392,136,1
2020-09-15,6ec238ec-6a9f-45ce-9825-395db90ac194,Cycling,3.88,1:36,16.51,1262,69,71,5
2021-03-22,2f7e2e9f-b977-40a8-9e7f-6aaec8009b3a,Running,17.18,4:17,17.09,623,351,107,5
2021-10-07,903cd1ba-1883-4f02-81b7-b0407489c972,Walking,13.35,4:14,18.62,1016,200,138,10
2022-03-09,eaddb6e4-c9c3-4b7c-b9f9-1289964ca078,Running,16.11,1:14,9.31,779,251,97,4
2021-03-08,18b69cc8-064e-42ca-a51e-43bf0d3044f6,Walking,25.95,0:39,12.44,677,482,72,3
2020-12-21,82284221-af3a-4bf0-a158-4af44d6d89f5,Other,26.7,2:31,19.25,938,175,77,8
2021-03-26,b03dcc73-1143-4de6-893b-ddb8c9363f51,Walking,16.13,3:45,6.14,1016,6,119,3
2020-12-09,b84f2940-abef-470f-879f-7e2d263b0829,Other,6.96,2:53,12.08,579,462,80,10
2021-04-25,46e14447-2a10-43e6-bbdd-ffbbe3ec9615,Other,4.2,4:39,15.49,943,87,81,5
2021-11-06,d76a4e32-ee05-4d48-a418-790fd61d596c,Cycling,24.32,3:48,10.57,887,241,133,5
2020-09-11,df8aa6c5-19d5-4a63-80ef-ea8359075be6,Running,5.2,3:47,14.27,1318,84,79,6
2021-03-23,edc64030-5c89-45ca-b1b5-b01f82f536d2,Other,14.44,3:27,16.96,1205,441,73,4
2021-12-23,3b76998e-5f45-4439-ba32-dd0bcddb2c15,Running,17.76,3:11,5.18,1498,87,89,10
2021-12-10,6c8da5b6-7cf7-4cf2-a1ef-b43ea5bb9768,Walking,27.52,2:30,11.29,985,491,102,8
2021-04-27,c1ba10b3-79aa-4291-856b-01e8bfa06982,Other,3.33,3:36,5.12,1438,201,134,2
2022-07-11,5faebbb8-b91b-46fc-8f90-010c5993a81d,Other,10.46,4:29,8.06,954,271,135,8
2021-08-25,48419d33-9e00-41eb-bb04-8747a45ae47d,Walking,27.7,3:11,9.72,943,84,81,6
2021-05-13,57af124e-cec9-4c2a-a47a-5204b79261f5,Cycling,13.74,2:40,16.19,1436,370,66,9
2022-07-20,969c7c0e-2d12-4e7a-bd63-ac9397cf4706,Running,3.18,5:39,17.38,1015,12,147,5
2021-09-30,b431b2fc-7050-4643-8be0-8e2eee17c30e,Other,4.52,1:06,12.0,1281,14,100,7
2020-12-02,cb1bfc54-083d-40c1-bde5-e83c40a24fc4,Running,13.73,4:07,10.52,885,241,133,8
2021-03-10,5eafc440-1c36-4d02-a2eb-bc4d8201c4e1,Cycling,2.15,3:46,11.83,1243,279,127,1
2022-08-30,359e3a90-e317-4cd7-95e0-ca24c0e124a9,Running,11.46,2:54,18.31,1284,253,62,0
2021-06-29,7d2e62ac-2800-47e4-b7aa-e40eab66e24a,Running,20.54,2:23,12.54,1111,117,62,0
2021-12-24,c078239a-6c71-4b14-8ded-5c0b049967d8,Cycling,18.59,2:17,18.37,1391,162,96,8
2020-09-11,1d0e303c-69bb-466b-91c4-1a59a830ff7e,Other,6.22,5:45,8.66,526,499,147,5
2021-01-25,7df4ff9c-15ad-48bf-a80e-4709474ab2e4,Walking,23.41,4:02,5.67,509,8,113,8
2021-10-30,781fb2ff-7cae-46c9-bb77-a9973af0dfa7,Walking,17.79,4:16,16.66,764,121,118,5
2021-10-19,2de27462-6f4b-4a9e-80f9-378d4565a722,Cycling,10.36,0:58,14.31,1484,289,150,3
2022-07-09,e08e80c8-644b-43c5-8056-fd95da026ef7,Cycling,20.05,3:54,13.3,509,308,109,4
2020-11-12,ee84af28-78b5-48f4-8155-ee5d910170b5,Walking,2.87,5:29,13.86,880,19,68,4
2021-01-03,8d7440e6-d47d-4cec-8c46-cb08eb257be4,Walking,25.75,5:25,18.54,1160,392,141,6
2021-03-22,c119dd71-7769-4e24-9412-2a8c8205527f,Walking,7.4,0:33,13.86,1375,380,95,2
2021-09-14,5a089d50-b147-4501-8f49-c276b261b404,Running,27.46,3:36,10.59,1478,388,127,2
2021-02-16,728dd7d9-127e-4b72-9e41-5bbe5a54991c,Running,28.02,5:55,7.03,1288,496,65,0
2022-01-01,efdeecc4-1e20-4453-8c8b-03dff64fa202,Cycling,22.17,1:15,9.65,1132,390,140,0
2022-05-25,44e834b4-6e2b-4e2c-b8ce-b569d5a1195d,Other,13.24,4:55,16.79,1277,78,108,8
2021-05-30,256ad179-28e5-4025-9f3c-9877641f77c3,Cycling,28.8,3:17,7.68,573,119,102,3
2021-05-05,c1f3824b-0c64-4472-bd35-8e85ade99bca,Cycling,10.65,1:54,14.72,933,246,90,4
2021-07-10,b8763afd-f19a-4f47-8469-73e37f80ff1c,Running,16.76,3:18,10.7,504,45,60,3
2020-12-21,67c442e6-6f57-4088-a0a6-238d2f5686d9,Running,9.36,2:34,16.13,905,155,146,2
2022-04-24,a04b6a65-f5f8-4433-ba66-9e3454ade1f9,Other,12.01,2:10,14.88,1281,89,133,10
2022-08-31,4672c721-b03d-4e52-8c7e-7cb7f296536e,Other,9.06,0:58,18.15,1261,296,105,3
2020-10-19,5acf9d69-ba84-417b-995a-44059de3752d,Walking,29.27,4:24,6.55,961,236,87,6
2022-02-01,aa17a593-529e-4144-b57f-73c575d9cb12,Walking,4.61,0:57,17.44,1361,14,82,5
2021-06-26,9a71f713-dd75-4e68-b66c-bcadfd727f89,Running,12.74,5:58,8.27,1159,116,93,5
2020-08-17,b6b93f1d-0dbe-4dcb-9925-07e70ee28a0a,Other,21.99,3:31,10.89,885,231,91,7
2021-05-10,3b63ef33-120e-4530-b8fe-a07cbba96ed2,Running,22.17,2:07,16.67,692,23,111,8
2021-07-09,cc2f06b7-7ec1-4228-94d4-8612b3aaf3ca,Other,26.36,4:56,14.85,1313,3,90,9
2021-08-18,9f5a352c-9ef4-4cc4-82cd-b9ecc8fae54b,Walking,12.84,3:43,8.1,1248,376,75,2
2022-01-24,e5c6614a-3cd1-4b36-a504-78cff5d02739,Other,26.95,3:43,14.8,1436,217,126,4
2020-12-15,74785d82-cf39-4d5f-af42-21c931a6fb07,Walking,13.64,0:57,8.84,1237,399,131,8
2021-05-15,9b8f63dc-96f8-49ef-8e56-720145d5e8ce,Cycling,3.29,4:32,5.86,952,408,147,2
2022-01-28,9609eac2-53f8-4f96-ab21-9db7a44d09be,Running,9.47,1:28,19.32,1384,17,134,9
2020-10-20,536d65b4-e64d-42cf-8a36-b9e13bbc823d,Running,2.61,5:19,8.03,1337,295,124,3
2021-11-18,4a2c2884-7e52-40f9-ae15-d8c6397b9631,Other,15.37,4:21,11.55,539,234,105,3
2021-01-04,5c693c27-4b25-4c68-8877-eac9870daa4c,Walking,4.27,1:56,12.86,758,129,150,3
2021-04-28,96511d95-13a6-45c8-84c1-22a9e0b57db0,Running,20.2,1:05,16.99,905,210,99,4
2021-07-12,510d9553-d4d0-4000-b7a1-78d6ed4ad999,Cycling,26.65,2:24,19.38,706,226,118,2
2022-04-22,f0b3f2d1-142c-4dbd-b995-f597189f293b,Running,24.29,3:46,6.8,718,489,92,8
2021-11-26,51f6fb48-23b5-49d0-939e-7f7836784230,Walking,22.2,4:41,10.99,779,145,89,7
2022-08-20,d8095379-290a-4139-bed3-41041a867733,Other,9.01,3:38,7.87,1293,353,146,1
2022-01-08,077726c9-09bd-481f-b763-642582e9f74b,Cycling,8.66,4:29,19.6,1035,176,67,8
2021-10-29,2162e636-5c3e-4364-ae67-7d77315f12a8,Other,8.26,0:15,5.01,715,327,128,0
2021-05-23,d91994ef-2586-4301-87a5-94f6b607e934,Running,22.97,4:41,9.82,551,187,81,7
2020-08-30,ab6942fc-333d-4655-b420-35f430f93c31,Running,10.36,4:18,12.15,1382,412,65,5
2021-11-10,9e04e180-6525-4364-928b-71ffbfe5037c,Walking,13.61,5:53,10.1,1302,483,118,5
2022-04-19,3fc3b5d2-b1a6-4b68-822a-51071dfe46b6,Running,3.77,2:32,9.92,1396,470,90,7
2020-10-10,e1a633d4-06b9-4103-99d5-d2159b03db3a,Running,5.4,2:27,7.94,875,306,104,5
2022-03-20,c3361242-f3de-4216-af81-38063275eec6,Cycling,25.24,3:57,19.37,963,299,87,5
2021-01-16,efce1ed9-3448-430b-a6e6-479cce9e649f,Other,29.29,1:01,12.71,720,31,93,5
2022-04-14,83815ef3-63dd-4b82-863d-12705adc1fc7,Other,15.93,4:25,11.42,619,170,126,7
2022-07-12,129c2dcf-29b9-416f-aa1f-3dcdff3f2c38,Running,29.69,4:44,14.96,1024,107,122,10
2021-12-09,e5267224-1a3b-40d5-8d4e-bedc76fc8103,Cycling,23.55,3:39,15.08,1117,131,61,2
2020-09-06,7c2f14fd-8fbc-417f-a73a-84ddb4896347,Other,25.08,4:30,11.19,1486,89,117,0
2020-12-21,116f0a6f-0e38-4c55-9100-bbd92b362fa3,Cycling,18.97,4:58,12.65,1169,216,72,6
2021-10-15,c7ee00b4-c02a-4b65-971a-1a2b51970f7a,Running,26.08,3:10,5.95,1265,87,69,10
2022-07-07,be070a1e-12af-4d90-85c0-0b76ddbea3ae,Walking,23.5,4:56,6.09,1017,263,74,1
2021-08-27,a63759cd-f13e-40ca-aa21-6e5e786c876f,Running,3.79,5:03,8.39,1286,78,70,10
2020-09-02,c223ecba-c4ee-4a55-8cc1-9e848b5b2e17,Running,14.44,4:19,18.51,570,494,86,10
2020-10-27,3dce96e5-b962-4a49-9ac0-0f351eda8ac7,Other,28.89,3:38,15.18,843,485,114,4
2021-11-25,11357c7d-e6ca-47b3-b031-9d2c2605af05,Running,29.94,1:34,12.2,1369,46,102,0
2021-05-28,f7b8c141-692f-4320-a17f-e8b6bb9ad64d,Walking,4.48,1:33,17.41,808,481,128,5
2021-01-06,5d4210e0-b43f-4b72-b20f-32cf0a6a098b,Other,18.81,4:53,10.51,1038,72,134,0
2020-08-17,0c0be907-6363-4e6a-b1ed-7772ffec78ef,Running,14.21,2:49,9.21,707,231,112,0
2020-08-24,970e9937-9287-47ca-87a3-51d3e3fc445c,Cycling,18.25,1:48,15.92,842,30,91,3
2022-06-16,521a7282-4bd2-482b-8ca2-83ad0dc3a9e9,Running,21.06,4:18,10.39,664,94,101,3
2022-08-27,03cd886e-a1c2-4856-8387-c4487e93f2e0,Cycling,9.23,3:51,8.42,742,22,85,7
2022-02-10,34b2a6e5-d5e9-414d-842f-55156d4202a8,Other,7.08,4:38,14.78,909,108,136,8
2021-05-24,7dc71c09-43b9-46ef-99c4-5aec1f8f24fd,Walking,22.87,2:57,13.18,1207,422,78,2
2020-12-10,33e8d7ba-3831-4f91-b384-7c1e1a91928d,Cycling,9.16,4:49,10.57,643,292,121,9
2022-07-30,c28afd9a-6491-43d2-818c-6b404e9cbb20,Running,6.44,4:19,12.91,1144,314,80,6
2022-07-24,61d712ed-4739-4698-86b3-cf3d29c33787,Running,26.58,0:36,18.83,923,53,64,4
2022-06-19,f3a22bcd-334d-40c8-b7e8-0fd133ee5021,Cycling,4.28,4:56,17.72,836,334,62,10
2021-05-11,ec0482d7-b36b-4627-aeda-663bdd3fa0fc,Walking,4.73,2:16,17.97,886,388,138,10
2022-07-24,89195d77-42e2-455c-84e3-9482c21f0190,Running,16.68,4:47,6.58,1335,92,132,8
2022-01-24,a424a5ac-e987-493d-ba09-1cc824641e19,Walking,17.13,5:53,14.49,505,409,145,1
2021-07-10,4c576a17-28f5-401f-99b7-2d8f450a7077,Walking,29.59,2:35,6.22,794,384,142,3
2021-09-05,01f892c3-5060-432c-8601-6c76bd7b8c0b,Cycling,8.74,5:50,8.71,790,161,123,10
2022-03-15,7ca77763-7b5e-4976-9adb-fdee58afc01e,Walking,25.45,5:44,15.74,1093,339,88,1
2020-09-25,ee8ebf89-93f4-42f0-96d9-01c4b5020e26,Running,25.05,0:38,13.33,1364,310,62,6
2021-08-08,fbe493d9-69d4-439d-9c42-6ada9cad110b,Running,15.92,5:53,8.32,1083,485,108,8
2021-07-31,d4dc765c-c4e1-4fc6-9e45-c4c1d15c95dd,Running,27.69,1:38,19.11,687,351,100,10
2022-03-31,63e1ec7b-d3bd-461c-91a5-cc0e139706aa,Running,23.36,4:45,9.39,807,326,102,2
2020-08-18,495d090d-8ee0-4f33-a841-9ce104198bd7,Walking,28.46,1:10,8.81,1189,232,108,9
2021-04-09,e6d4f69e-bc4c-4fcc-a4ed-ca0c615ea43b,Walking,15.08,1:44,5.26,1362,371,105,3
2022-03-26,073a9cab-904b-4666-8e47-c2204da92593,Walking,2.78,5:17,17.06,853,314,105,0
2022-08-19,c0faedd0-a0ee-4978-92ee-656ab8cc33ba,Running,9.72,3:40,11.16,1325,52,79,10
2021-05-15,e732b2a1-b622-4695-8a40-3286e64dbc88,Cycling,11.72,3:25,7.58,1085,296,116,0
2021-06-11,75915761-a611-4598-929c-f9c4c06ab292,Cycling,7.99,5:39,11.29,1151,115,63,8
2021-07-12,8b66fe1e-fc15-481f-8c56-d85884791a8b,Other,4.31,3:25,12.78,573,166,149,3
2021-12-04,accba7bb-731f-40c4-b664-521a47108064,Cycling,25.01,0:42,17.82,928,57,95,6
2021-05-18,49d9e8c3-5315-43d9-b419-9939b127d601,Cycling,3.55,5:32,17.88,631,247,106,6
2021-03-27,3d14137e-7058-424e-8051-f0cd542ee1e0,Cycling,12.06,5:30,11.66,1132,105,132,2
2021-11-05,cedfa27c-d7bb-499e-8dc7-74a18ae83bce,Walking,8.1,3:01,13.03,1335,317,143,5
2022-06-05,0ceda681-afdf-41bc-8ec5-be190034a116,Other,21.57,4:15,18.1,936,202,101,4
2020-12-26,c30bd86d-d813-42bd-b36c-a8acc291cdbb,Running,25.05,4:45,10.2,705,439,133,9
2022-08-14,a97ab41a-301d-4937-bfb3-7037e94e42d7,Other,3.83,2:45,7.57,1030,447,114,3
2020-08-21,4d4a3457-dd0a-4f59-8445-2c4db9e37cfe,Running,10.11,3:35,13.55,1372,53,70,0
2022-01-07,f97e192e-5f30-4f2c-bb50-f01687608398,Cycling,18.94,5:45,7.76,535,426,105,7
2022-04-20,01a46db0-13a1-40a6-8dee-025f1358e381,Other,3.24,0:29,13.0,1495,38,61,4
2021-07-20,6c736713-58f4-41b4-864f-0826ea118632,Running,17.21,4:23,19.3,1122,424,91,1
2022-03-20,e5a66000-8cfa-4b54-9ea0-b9f4577a8f0a,Running,19.73,4:31,15.09,1018,281,139,9
2022-04-11,0d8657bf-1fff-482c-b425-981645b4ce29,Running,18.32,2:20,14.06,535,491,123,1
2021-02-19,ad222f26-5792-4d2e-9dca-92abd9ceed7f,Other,23.04,1:43,9.69,1097,375,150,5
2020-09-10,2b7abe31-d8a6-47b2-b3de-b8861bced2f9,Other,18.99,1:50,8.71,1187,240,131,1
2021-06-09,4470a49c-336d-4c92-ba15-e46a0a34b3df,Cycling,15.64,3:50,17.26,1072,488,114,2
2022-02-12,67b7b6c8-a62f-4b68-a49e-e307e148418b,Running,28.68,3:06,19.44,648,84,127,7
2022-01-08,b772fbbe-94c2-41c9-8eea-f2eeb3afb76b,Walking,22.74,1:32,6.02,1435,274,125,8
2021-03-21,84bdc5f2-dd7b-4922-abd6-2838528d4fc8,Cycling,15.97,3:05,10.0,682,2,102,6
2021-09-30,67ce5398-a704-4787-b11d-53aa1f51d299,Walking,2.41,5:40,9.92,759,341,133,8
2021-12-11,15cae2b2-ad07-47ad-ab19-46c3b7cf2c46,Cycling,12.05,5:45,7.69,1139,102,84,9
2022-07-20,fbf94823-d427-4b2a-94a8-903d409f0a93,Other,11.11,1:09,5.13,1122,441,73,6
2022-01-19,89d8d34d-51fa-48a1-83c8-77f4a1f42d3f,Walking,2.81,1:10,19.96,728,185,93,5
2022-03-21,8467d727-13ca-4526-a818-9e9f566a22a6,Cycling,19.21,5:58,11.21,698,409,143,5
2022-08-05,ed24a524-c34d-453d-a50d-4c0005387318,Cycling,3.1,3:52,8.7,793,321,144,3
2022-06-07,81896057-da48-4332-b0a5-bf92ec311a6b,Running,28.93,2:15,14.79,864,259,88,10
2020-12-10,654ee342-9919-49fa-8ba9-efb204aaccc4,Cycling,23.67,5:37,14.55,1221,381,77,2
2021-01-01,283051c0-ebfa-4f6c-b188-5169acaaaeeb,Running,9.55,4:28,8.98,1052,408,134,7
2022-07-15,076a39a0-74ec-4de5-95a0-0e0eef3216c4,Running,29.68,4:06,13.9,1491,150,104,1
2021-03-25,38fee4b4-1813-498a-91e6-ed0f88bac31b,Other,24.02,2:51,12.25,846,326,109,0
2020-12-25,4a129315-ffbb-48bd-a846-5706c797e0dc,Walking,9.25,1:26,17.66,1298,16,138,4
2020-11-21,80fa11f0-efd4-44f9-b77d-05085856aecf,Walking,12.41,2:12,18.7,1014,286,66,7
2022-05-27,ea264c49-ae3b-4136-93aa-042c4d05b83b,Other,14.75,0:46,10.54,936,324,133,1
2020-11-07,a8dfd600-d065-4ff7-aa52-b874f90ed8e5,Other,10.28,0:58,10.95,589,143,91,8
2022-04-28,6dca2dd0-a041-423c-94e1-9df7e2a6fcf1,Other,3.69,3:33,18.36,723,68,124,2
2021-06-24,98be668a-9364-4102-bd70-b10c5e73bd1d,Other,20.01,3:54,16.64,1110,288,129,8
2020-10-05,861c2c06-7336-44c6-bedb-ac9701b6e4ba,Walking,6.58,4:45,19.82,1217,154,115,7
2022-05-29,c02145e4-62a1-4573-ba4a-4a72d99bbe31,Running,7.23,4:50,6.19,522,281,120,3
2022-01-06,28511ba3-fe5a-42ce-8fd4-802a8784e6cf,Running,16.37,1:04,10.54,1235,408,91,5
2022-08-14,a54336a0-330e-4548-975e-80eda934d1ec,Walking,22.89,2:25,7.81,1257,429,67,4
2022-02-20,45b9ab7f-a2ee-45d6-8d52-d98d3b24a183,Cycling,18.36,2:36,10.62,1175,323,141,1
2022-01-30,b15ebca4-b593-453e-99ad-a61e200d62fc,Walking,29.55,3:34,12.46,776,182,98,0
2021-01-24,d6b544dc-5acc-4395-aa0d-31dbb7c18e6c,Running,20.28,2:45,8.4,811,378,117,0
2022-08-26,0abe82c4-cb2f-4dfa-b2da-64419c1b5981,Cycling,18.33,5:14,7.4,1115,438,124,10
2020-12-16,4e474859-6f0b-4b63-a594-cc71c1666359,Cycling,3.2,5:45,8.41,1455,21,68,10
2020-08-27,512233d2-947e-4fb8-aebe-7c793d193e8d,Other,16.4,1:16,13.46,593,173,149,8
2021-06-07,da839926-887d-4012-abf5-2e7c2318dfa8,Cycling,6.47,1:40,6.31,700,195,134,1
2021-01-14,20a45bd9-edf6-4986-aeb8-00d0943d6597,Running,6.82,4:56,18.78,1335,263,87,3
2021-08-27,314eae49-051b-45d5-9273-a0b06b145570,Walking,5.9,2:49,12.5,1300,288,84,10
2020-10-29,cfdd7e62-7478-4046-9a4c-f84ca34434d6,Running,19.94,1:48,5.63,1281,236,73,5
2021-06-14,25634997-4615-4eca-9287-c7af4fe000c6,Cycling,10.88,1:41,5.52,964,296,118,4
2022-07-22,1e1c7977-c47c-4a39-b454-85e26dc2f6ca,Cycling,24.27,0:22,18.35,1348,128,146,10
2021-09-12,648ce20b-7cc8-498c-8f72-2b747f41f30b,Walking,9.64,5:48,5.29,755,262,134,9
2021-05-20,1efab1a2-b1b8-409f-ba99-5f4c54dfa391,Cycling,29.12,5:35,13.87,1056,310,133,4
2020-12-23,22939bbb-a2a1-46c7-b203-34772e202adf,Walking,16.21,4:40,16.06,1308,153,118,9
2021-06-03,f8fa552b-1505-49fc-bd71-c18c716621c9,Walking,13.58,4:51,12.38,1219,361,128,7
2021-07-03,99b8ee95-ac27-4f10-b717-ac13e89f4bcc,Cycling,3.97,0:18,13.69,1395,22,124,6
2022-04-28,3564a5c4-acd8-4181-a330-b6d7e8933f15,Running,27.57,4:54,12.08,991,298,74,6
2021-08-11,f3269930-c116-4b55-8996-8ba1d71431ba,Running,21.21,0:45,9.8,933,176,103,6
2021-12-12,1ca5b0d2-1f84-4939-9677-9a1d8a74a7ce,Walking,22.52,5:30,11.82,602,399,148,8
2021-07-28,042b3923-25aa-445f-bd56-c00adcd983da,Running,10.87,4:34,9.37,857,10,139,10
2021-07-25,69291f8a-c6b3-4ae5-93cf-2fa186c0175f,Walking,23.71,2:35,7.61,1445,219,138,8
2021-07-10,b3571237-2afb-4064-93e4-5d651adddaf4,Running,9.03,3:11,6.91,1026,275,126,1
2021-07-15,bb8c6798-69a3-4dae-b0f2-67905d07e559,Cycling,2.07,5:16,19.6,1410,467,90,2
2022-02-22,75ec60ac-76c2-4cf6-848f-13fcda5315ff,Other,17.92,5:14,6.96,944,67,80,10
2021-02-24,8096f934-f0d7-462b-9092-99bc74fba48f,Cycling,8.02,5:51,13.92,677,378,100,2
2022-03-26,051fb42f-624c-4e64-853e-a2dea604bab6,Other,5.98,4:28,11.44,1065,369,91,0
2022-05-09,aeea3b24-2b54-4665-a258-783eaeab8de6,Cycling,3.69,1:02,11.53,797,237,119,6
2022-07-28,1a270e37-627a-4da3-8580-2d932ae81110,Cycling,22.24,5:58,14.31,775,183,123,7
2020-09-08,a367e764-c8ee-42fd-b959-53a5e10c77cd,Other,26.99,5:21,11.96,1036,418,94,7
2021-01-16,00b357c4-1e7d-4bbf-9e7a-fd971b8ff1ea,Walking,28.78,3:36,9.23,899,87,136,10
2020-09-26,77688944-5212-47e0-82d2-3784d2c71941,Running,16.43,5:35,8.98,1101,346,82,8
2021-12-28,d3f62175-b9c9-48bb-8523-32b0057a9023,Walking,17.52,1:59,18.06,1343,254,135,0
2022-02-28,6c32e305-4f70-4e45-85c8-eaaa9cf6bb29,Cycling,19.5,4:13,14.1,971,236,122,9
2020-11-16,2eda7ba6-5595-42cb-90d9-5f39c2bc518e,Walking,15.27,5:29,7.84,758,255,98,8
2022-03-11,9ba4712c-12a5-445d-aae8-bc3cf697b176,Walking,24.27,5:18,6.13,1427,169,91,5
2022-08-31,a3c39ec1-d858-4a49-ad7c-3e657ebcf164,Walking,29.8,0:18,17.5,703,367,95,1
2022-08-13,995725a5-c7df-47d9-aced-6cf2a928e4a3,Running,25.35,0:38,19.17,1228,373,82,7
2022-04-30,d6977bfd-b6c1-48fa-b51f-4925ce3851e8,Running,17.74,4:29,15.21,831,91,77,10
2022-07-15,bcb1f753-cda4-4224-acf5-f88cb69cc45c,Running,17.36,4:50,10.27,981,13,102,6
2021-07-25,d14eb5e2-e51e-40ed-8576-83ff6658cb11,Running,28.94,4:14,15.52,754,196,139,6
2022-01-30,c940162f-d86b-4888-bbeb-7e9f6fdb2a76,Running,25.73,3:21,6.95,730,139,68,5
2021-11-01,45cf1468-2c09-4321-a090-011dd134b093,Other,20.88,0:38,12.81,858,55,104,5
2022-07-04,35bc5568-dde7-4d11-b9ad-4a5540b825e9,Cycling,16.82,5:20,9.23,1019,219,91,9
2020-11-24,fcf08f7e-74ef-4406-b4cb-41201c21db31,Cycling,19.01,4:25,7.61,1148,494,99,1
2022-04-07,3160f7a5-0714-47fb-ab5c-afd6ad4386bc,Walking,12.45,5:59,15.22,1149,263,111,5
2021-07-06,59bd4df8-1ef3-4c19-9dff-c1e2690fe761,Running,17.88,2:26,15.7,1280,475,149,0
2022-05-20,fb892d5e-0ddd-4998-9812-3829d6db09b3,Cycling,20.37,1:03,12.81,1154,481,98,7
2021-02-26,67ba4285-af60-45cb-ade6-467fee26e3dd,Walking,11.69,4:43,19.37,941,71,95,5
2020-08-02,98c3d1e6-8c50-4737-a191-7ae6ae82820e,Walking,17.23,0:28,12.7,1400,86,63,3
2022-04-29,23e7cf36-2dbf-49ae-8b9f-1f8353302aca,Cycling,5.13,4:59,9.07,597,250,72,6
2021-10-12,e5d8171e-d05f-4742-bade-4542c851c920,Walking,16.21,3:23,11.43,659,348,119,2
2020-12-02,19390705-75d1-4788-a97c-2340c7e53f7e,Running,23.99,2:37,7.83,1096,172,143,7
2021-04-14,282fb8c6-5d23-4266-9436-550179dfa410,Walking,11.32,0:53,6.6,951,445,112,5
2022-01-04,157cb806-7bf2-4661-989e-575a432d2ecb,Running,29.43,0:24,7.53,968,171,101,7
2022-07-22,467fa32e-1a7a-4483-8c78-8e217954b118,Cycling,21.65,5:26,10.8,969,252,148,2
2021-07-22,351a250d-34f4-4b5c-897e-a47f5c1392c0,Walking,28.73,1:40,12.59,791,64,119,2
2022-04-11,8e6de0af-187c-40b0-bcd0-ca75c484f761,Running,15.1,3:41,14.38,1017,171,142,7
2021-01-13,cf4e335b-bcee-4636-bb3f-77bdcd9cf861,Walking,22.43,1:05,6.68,1347,359,137,6
2021-03-28,ca59bfb2-b83e-4963-a906-fb714fb8368d,Running,18.8,1:50,16.27,1444,145,131,8
2022-06-28,2f120e35-9c8c-480c-bb08-ce3d9013e5ae,Other,29.85,5:52,14.31,1158,95,61,6
2021-12-09,9833ed27-7da6-4305-bec3-e0a91b861eee,Cycling,26.7,3:14,9.89,694,458,93,5
2021-06-29,9c4f8df9-28c8-4e0b-a93d-7d052e300428,Walking,13.4,5:02,19.64,840,306,64,8
2020-08-16,70e0330e-2d7b-45f2-aee4-3d7d265e4b95,Walking,17.09,1:20,13.77,1180,323,65,8
2020-10-15,5701d312-3f44-472e-aaa8-5331e2a2bf12,Running,14.29,4:37,10.1,1072,372,71,4
2022-08-07,d2e4ab61-6c77-47cc-8ad2-7abe845868dd,Cycling,17.38,5:13,6.9,545,83,77,4
2022-01-26,dad6427d-a9be-4117-a8b9-a3e296c90639,Running,5.31,3:24,14.43,1402,401,144,9
2022-02-01,6d1aef43-10e9-4237-b293-aa1a5caa8b5a,Running,12.09,0:47,15.12,507,68,125,10
2020-10-04,6e85bb67-2b30-4adb-ab8a-8c1fbdf8584f,Cycling,29.03,0:28,18.67,879,69,91,3
2022-01-18,22d36452-0304-4efa-bb7a-0ebc6225cf69,Cycling,15.55,4:12,18.18,1316,449,118,10
2022-03-11,78dd5d5f-7af7-4d3f-b8a5-49c0d8a7eb05,Other,14.77,2:49,18.67,1385,337,87,10
2022-04-16,c2b5b170-f30e-463e-ac4c-5ab027a16aed,Cycling,5.31,5:32,17.41,1254,326,123,4
2021-09-28,a3548980-f3e0-44a3-b07e-e475f9238581,Other,22.27,2:54,10.79,1085,286,67,7
2022-01-26,a4687e2d-a2cf-4749-ad16-d7f000c01423,Walking,24.61,4:13,17.6,680,156,73,7
2022-08-30,f9088163-e269-457b-9356-15407f514d37,Cycling,8.93,5:06,15.81,700,262,96,2
2022-06-13,66dd63f4-4337-49af-91e8-e73fd3a38f5e,Other,18.91,4:22,15.16,599,297,150,7
2022-05-09,7a757429-0ea2-4a29-8ee7-abc72b71f00f,Cycling,3.48,0:19,19.12,1446,230,77,6
2020-10-30,86325b01-8d7e-4984-b4ea-a9af1915c39a,Running,21.23,3:33,8.51,993,104,128,6
2021-03-18,01e71b74-52cb-4c8b-83f0-028158ff8a59,Other,5.63,3:05,9.03,783,379,67,0
2020-09-03,e4054478-5c7b-42bc-bb18-6e0d27d5c395,Other,20.24,1:48,6.39,664,459,61,8
2022-01-13,2dfbb6e2-015a-489a-958a-1eff139b4d4c,Running,22.91,5:38,14.78,871,305,103,6
2022-04-11,69e3a868-b2c9-4a9d-a170-8a744ea3062c,Walking,8.39,1:53,17.66,790,3,143,2
2021-09-19,bb2c5a90-0c8f-4077-b6c6-b76bca8d4ee1,Other,29.2,5:30,9.33,1461,164,140,2
2022-07-04,862bcff1-d2a9-4ba6-843a-25f158c1ecf4,Running,11.45,2:42,10.93,1142,214,82,4
2022-02-14,db5d80d3-69ea-4072-94ec-57593377ea5f,Walking,11.54,5:05,6.42,937,452,150,9
2021-11-15,50b6441f-2194-420e-ab61-64cc36f76fcf,Walking,5.22,1:30,19.61,975,353,134,6
2020-11-15,70d23563-0101-4be1-a61a-a8cf0009abb6,Running,29.38,5:33,17.49,1433,120,65,5
2022-01-21,4971cbaf-1746-44dd-beb1-daec3d7a9bf6,Cycling,27.03,4:10,14.01,848,130,60,10
2021-01-10,35e044d2-6cc3-46f3-b41f-93063888b186,Running,27.66,2:24,6.57,1455,355,143,5
2022-04-08,1b91d0a6-bb00-43d5-b238-0e19879ea62b,Other,28.43,4:04,6.51,716,414,80,4
2021-06-15,1e247906-17f7-400d-8728-9696c3b17c04,Walking,21.7,3:03,17.63,629,492,146,5
2021-05-15,5940e8f9-7de4-4b19-a085-b599c689c34b,Walking,29.69,5:58,12.96,1298,423,108,8
2022-01-15,4d002987-6dd9-4970-bab7-91e01bd2119a,Walking,2.45,1:43,16.8,667,466,112,1
2022-01-23,e4a420f8-35d4-4127-960a-1c79ba45230b,Other,7.47,1:02,9.37,808,134,61,0
2022-01-17,d0d1be87-55a3-4848-b19b-35a1a8259ef9,Cycling,3.29,4:18,10.82,1407,301,111,8
2021-01-13,44a19d0e-1d69-44dc-877b-d55d119ac11a,Running,5.14,3:18,15.91,738,107,115,7
2022-02-10,ead35b44-4a43-4de1-930f-333845fb4cc7,Other,8.73,3:32,19.53,1468,493,141,5
2020-09-29,4958f060-7ef4-401b-aacf-7fffe625d16c,Running,29.28,4:45,11.8,1233,130,92,3
2022-05-12,e2332cef-fb72-4ada-95b2-6429bc57e0e2,Other,24.23,5:26,9.37,843,456,111,6
2022-01-23,0f53bbbd-ef40-4470-9d4c-19d63b639850,Other,17.38,4:02,11.98,1123,88,97,1
2022-06-23,335dd537-3aaa-434e-91a2-8025de9411d8,Cycling,19.2,1:14,16.5,1033,170,126,3
2021-01-13,511a001c-ec5b-4a9e-a917-e81d3d61990d,Other,13.69,5:49,9.51,942,19,134,7
2021-06-11,6dcf88de-0d54-465d-8dcc-f4df568d1398,Other,9.6,4:34,13.48,1431,443,116,4
2022-05-30,d00ec840-9240-40b5-b753-b3e0094f025e,Running,7.25,5:27,12.05,800,69,86,4
2021-01-27,4f4e8328-d811-4302-a586-524082d6e35f,Running,13.23,4:45,15.24,646,335,106,4
2022-04-19,f6c6a6c9-add2-4637-bfb1-6d40d560d982,Cycling,16.62,0:33,6.75,1070,224,149,3
2021-12-20,c2183c00-1f40-452c-a523-d7f27eaa76ec,Cycling,7.36,3:25,14.76,781,242,108,4
2020-11-29,8e144bdf-5937-4dcb-b9d4-48b3a30e9fde,Running,12.16,3:58,8.36,562,70,107,6
2022-03-09,f32e9aab-4cb8-451e-98b4-a9ee3502b839,Other,12.69,3:51,6.74,1442,375,87,5
2020-10-13,bd69277e-7193-4fe7-af9d-fb48a048a583,Walking,18.93,1:08,16.36,557,410,77,8
2020-10-30,9f191de0-747c-4658-9b73-9950c513a327,Running,18.43,5:27,8.2,1359,159,146,2
2021-12-05,9c75e74a-9ea8-4f07-82cf-c1fcfd148cde,Walking,27.69,5:34,15.8,1072,185,137,2
2022-02-12,376b52dd-2f5e-4660-9667-8ea1fafab092,Other,16.72,4:47,8.56,788,198,108,5
2022-08-31,395f7fc3-4dab-4922-aebc-1e7e1c25bff2,Walking,29.4,5:55,7.84,836,102,117,3
2021-07-11,78844ab8-d5bf-4b58-ab99-7e3400f8dbe1,Running,14.9,0:50,12.79,1206,440,78,8
2021-02-17,8b313dca-8954-40b3-ae52-ff97cf1bfb77,Other,13.97,1:12,5.11,1039,115,80,0
2022-03-06,201d277f-059c-40a6-8234-92b6f8e92489,Walking,9.05,4:02,8.18,1156,244,74,9
2021-02-27,cfa5796d-dac3-4562-8c13-1ab7bd7198ae,Running,14.76,4:54,9.14,764,131,100,5
2021-09-14,e666b79a-1ade-4e66-84cb-cda1d224ecfd,Other,19.96,2:09,15.44,1156,227,128,2
2021-02-01,ec98811f-1424-461c-97d3-11448bc709ad,Cycling,15.58,0:48,8.29,1026,185,128,6
2021-12-07,f678db15-5e48-46ef-849d-48c7c1e91bd1,Cycling,9.29,5:51,15.4,1376,215,130,0
2021-02-08,78790a11-4651-442a-bf1f-7ec01c04baec,Walking,12.97,2:40,17.37,1005,150,118,10
2022-05-17,9d2e399b-3b6d-4c15-92a1-a78353d8ae7d,Walking,26.08,1:52,14.81,945,64,134,5
2022-02-14,d70d656f-2f03-4699-9387-bfe7a7e4b7a3,Running,2.61,3:51,13.18,824,314,87,10
2022-08-14,c98b3884-1de6-4447-8107-8ff54adb5346,Running,25.73,5:33,12.22,1007,161,107,10
2021-04-29,319d5419-33bc-48d9-a2d0-305db060a494,Other,19.19,0:15,12.78,634,394,119,8
2020-12-22,44e2ace1-0251-443e-8702-e6b41b7eb062,Other,4.54,1:16,15.12,873,384,70,9
2022-06-02,15fede4d-c096-4fe7-aee1-003452aa0d50,Other,28.59,0:32,17.15,842,56,133,3
2021-07-25,e0d7ac0d-ea01-4333-986c-f2cc6409055a,Running,24.69,1:51,11.6,647,328,144,7
2022-02-14,ab88e863-25d7-4a94-a8f2-c183a187f15f,Other,7.79,1:23,5.43,1010,14,94,5
2021-07-25,3459f4f6-043e-45ce-8a62-0dc9a430a2b8,Cycling,3.58,3:24,11.66,937,137,105,0
2021-04-09,d03e34d8-636d-413d-954d-3ed37a73a20f,Cycling,26.76,5:41,14.6,1475,468,112,2
2022-01-03,0c95827b-6562-4c4b-bf10-68a4b0fd2b0c,Other,13.78,4:12,10.01,1033,172,142,0
2022-04-06,bba2f331-fb04-4830-adf0-7e662caa6d37,Running,15.14,3:17,8.68,1361,134,72,2
2022-08-15,52ebaa4a-d20a-4849-9cd0-feb9f9c2363a,Running,27.07,1:15,10.44,846,480,150,10
2022-03-31,1aa28956-2a60-42cc-940d-4b96898cdbc8,Cycling,27.05,5:39,19.11,1271,342,77,2
2020-09-08,d80ed3e7-6cb8-49a5-98dd-89cdd1355249,Walking,20.4,1:37,18.12,1296,246,90,4
2020-12-22,1c2d5326-bd55-4711-9083-030b1b835bc6,Other,15.4,5:22,5.95,908,198,137,9
2020-12-14,f079d0e9-acad-4ae9-b430-5250a698963e,Walking,6.71,2:16,13.88,879,224,109,1
2022-08-04,7a35c190-a625-4e35-bf2b-3f2f74016596,Cycling,14.22,0:35,17.44,580,191,79,0
2020-09-22,4f204a0d-61f8-4422-9524-c82d0ea89aa7,Running,22.61,5:35,16.78,624,263,97,2
2022-06-28,16849017-1cf0-4a29-8608-2e395ffcb152,Cycling,26.92,1:43,14.18,740,35,133,6
2022-02-09,c7bd595c-5d91-4458-9ef1-34ff3c0ec141,Walking,8.52,0:45,12.96,1424,350,142,2
2021-06-02,a879a354-a51f-4a56-827c-8e89b0ed2a41,Other,8.6,1:13,7.55,630,295,100,3
2021-05-03,5bb60b88-e8e9-481f-9f02-3393c2499f76,Running,23.06,4:09,6.8,653,17,62,5
2021-11-03,78134cba-d280-45a6-80f6-e5f57a2bc51f,Running,6.93,3:06,15.3,1129,175,124,0
2021-06-14,91e65ddd-a5db-462f-81ef-8a67b1432ea4,Running,11.28,4:39,14.75,871,125,111,6
2021-04-29,a8e2ce9e-98ea-4528-8759-ea8bea8ce1f5,Running,7.75,3:17,9.48,1437,324,115,0
2022-07-29,8be9425f-4e0b-4cf9-a33d-162ffa71132a,Walking,23.42,5:25,14.15,570,106,115,5
2021-08-28,366e80f9-fb59-4e54-80cc-38ff6b084fec,Other,24.88,2:39,7.86,1104,192,70,10
2021-12-23,7d0c13ee-d7b1-408e-b921-ca516febd56d,Other,20.77,1:57,19.61,1417,204,113,1
2021-03-23,e505b3da-007e-409f-bb3d-a9470066569f,Walking,9.08,1:24,5.81,881,392,138,10
2021-10-03,73477014-598c-4c9f-859a-f43f9d55a907,Walking,26.57,4:05,11.51,966,184,106,2
2021-06-03,3bf422c9-7912-4504-a5f4-4cb422a10592,Other,19.62,3:23,13.44,1463,434,119,9
2022-03-22,e182b288-102e-4b1b-b461-33b3ea4239ee,Cycling,15.85,2:48,12.03,509,318,73,0
2022-04-03,bafa8d2d-0888-41a8-8f47-b2630325256a,Running,11.91,5:47,13.95,849,470,87,0
2020-08-04,49e028e0-c7ab-41d8-bee4-aa93c30fa74d,Running,17.31,3:36,8.35,505,483,148,1
2021-03-16,b7009eb8-6d98-4823-975f-6f66464b0647,Walking,21.11,2:25,10.26,1028,93,110,4
2021-10-12,80ccdfed-d9fa-4900-a0ed-fbfdd2522ad1,Walking,19.21,1:44,12.97,768,248,135,9
2021-09-10,82f8b03c-9cfd-475d-83a4-ee37679224fb,Running,20.92,4:57,15.74,1207,101,121,1
2022-07-04,9aab7c69-ea83-4b51-b3bf-dbac3fba9679,Cycling,10.7,1:08,5.91,946,498,63,1
2020-09-21,6fe32ad2-523a-4a50-b3d6-b0c4daa632a2,Running,14.27,1:38,7.16,1321,480,70,4
2022-01-19,8c3aa27f-1146-47c1-b9d1-5a38577ac29d,Running,29.02,5:24,13.17,690,284,85,4
2021-11-15,9615a43d-3295-4999-a145-07f7af34f16a,Other,22.18,0:32,9.31,871,209,83,8
2021-03-25,e5132538-c611-4438-a771-217574f35f9a,Walking,27.43,0:28,12.4,1401,460,96,7
2022-03-22,0bdd90f6-281c-462d-8474-b2067b19484e,Other,29.36,0:17,15.67,505,357,149,9
2022-04-03,e1e9a60f-fa8a-4d28-96dc-34a1483fb583,Other,18.45,4:30,7.19,504,476,90,9
2020-12-11,85cceb17-d09a-490f-a578-1f485f9ba971,Walking,14.95,4:18,11.46,1094,99,116,7
2021-08-28,d1459048-8c84-4bfc-a4fd-82306eb99e43,Walking,6.09,4:18,12.15,704,418,108,1
2021-08-02,1f5acb8d-3258-40eb-a0d8-5d81a132753b,Cycling,28.19,2:27,5.71,1175,242,98,6
2021-07-08,d75f240d-1572-443f-837c-978f749161e7,Walking,9.1,1:41,7.89,1292,205,121,5
2021-04-11,1f0c883c-8ad0-41b5-bbeb-c9d55910eeff,Other,28.82,3:50,14.16,1319,66,147,9
2022-02-16,b932c279-e3bc-4631-9453-0ed7bb0601ab,Running,23.72,3:51,8.14,976,353,147,3
2021-12-16,eb5a013c-9771-4c3e-b27e-74b4f93a61f3,Walking,7.02,4:21,19.51,784,271,117,1
2021-05-08,a76ff9fc-2176-49b7-8607-a12a386cb5e8,Other,19.44,4:48,12.26,522,93,93,2
2022-06-18,b519d8f1-3c85-43fe-a82c-d015167ad0b4,Cycling,20.07,3:05,10.82,1174,4,66,10
2020-08-27,9450b7c6-e02a-4b16-b356-076597d9b114,Other,25.68,1:45,10.21,1403,484,114,1
2020-08-12,28e2a612-c4ba-4945-bc48-1ffe2d7b4527,Running,11.67,3:06,15.63,1304,368,74,9
2022-02-12,c8c9db09-d3ff-4208-b90c-942a0725ba79,Other,22.0,0:58,11.63,1109,453,129,3
2021-10-08,d1d3edf1-d7f5-4ed3-9c64-b46ee9e78b99,Running,15.1,2:05,5.74,1120,137,100,6
2021-01-02,a8e377cb-9b99-4df8-81fe-94c9fef70470,Other,14.91,4:19,16.94,1327,56,80,2
2022-03-26,d18d53b4-e257-497e-804d-9cd0719037fc,Walking,4.41,1:00,10.64,1147,193,67,10
2021-01-23,d9945147-0591-40cc-b687-fd5bf421d620,Other,10.62,2:39,14.55,832,130,124,1
2020-08-01,ca958e04-e5be-48f5-834c-f220b171d813,Running,29.32,5:57,14.59,1094,272,114,4
2021-10-07,40ad1872-0264-4dfd-aab7-2f21824ffeaa,Running,4.27,5:34,16.66,1226,462,121,10
2022-03-10,a95fdb3f-0be4-490a-9bad-faf246c1ad4e,Cycling,22.22,3:36,14.86,898,458,62,2
2021-09-02,9220454c-f20a-41da-bc52-c41303d0c433,Walking,21.2,2:51,18.91,1438,387,94,2
2021-01-05,43e5bda9-ebef-45d6-987f-1a436fafd724,Other,2.67,1:53,15.73,1231,409,135,4
2020-09-13,78f25f74-2ccc-4568-8e7d-1c57f6c699e5,Other,11.65,2:18,9.32,1138,321,92,9
2021-02-22,c4dda166-c045-4fce-bf57-c8dc0d5b0a31,Other,29.76,1:20,9.4,1460,353,135,5
2021-02-17,9368f8b3-2343-4592-8349-095ecd4fcf6d,Other,22.87,1:33,8.12,1036,492,72,4
2021-10-22,224d3ccd-38a5-4f7b-ae07-6787bca0796a,Running,24.89,0:31,16.69,622,398,100,1
2021-01-02,79f4a97b-d242-4412-9618-cb4f258e9352,Running,18.35,3:39,17.8,1061,277,105,10
2021-10-10,ec7fa8c1-2cda-4530-bcda-772c41fb16c3,Walking,15.04,2:02,12.04,1047,158,122,4
2022-07-05,a9b2316d-8c6b-4c1b-a8f2-8aa605413042,Running,22.38,0:16,13.69,1038,378,105,2
2020-11-07,e3fdb253-39e9-4c8b-b120-ed3b8aaaf178,Cycling,17.31,0:23,8.8,1484,192,93,6
2021-10-19,697c4f98-7ff4-48bf-a6b0-89508ee741cd,Walking,4.16,4:22,12.51,636,237,131,6
2020-10-10,b23dd8c2-09a5-4c93-95eb-3618c0892471,Running,13.54,0:58,18.1,910,70,107,9
2022-06-15,a9c93cf5-6d10-49e7-8e0d-84a9775d0b2d,Other,4.81,0:25,14.45,538,470,95,0
2022-02-27,abef8ddc-c5b1-4bd5-862d-ad04558b1944,Walking,11.56,1:23,12.84,748,31,77,8
2021-12-25,7b5a0c9f-5ede-482c-8384-56f05f5c6b89,Other,24.46,2:49,11.08,1141,126,71,9
2021-11-17,0df55b25-2cd1-4712-965f-ea2f37b51524,Other,27.58,4:06,10.93,505,192,113,8
2021-08-06,9e8764c6-28bb-454c-b869-3dc7bcf9c29c,Cycling,7.51,5:15,10.88,1145,358,114,0
2021-07-03,fe9389eb-0f5e-42c1-832b-6fce10906bd4,Cycling,16.27,5:15,16.18,1306,34,116,1
2020-09-21,7fb038bb-8b45-4f0a-86a1-4d35a324db8d,Cycling,18.28,1:07,5.7,941,209,131,2
2021-11-07,5f960100-3121-409b-997c-69bc10e3e3a0,Other,6.1,4:22,6.03,1001,440,98,2
2022-03-12,a4ba96ec-11e8-4fe2-8217-57106b59f314,Other,2.45,5:13,13.34,1029,208,89,10
2021-11-09,bd6efbeb-8755-4a7b-8f61-e78584f74113,Cycling,29.03,2:02,17.19,748,354,104,1
2021-10-10,95536e17-1500-48ec-b844-b26949c10a07,Walking,14.21,4:12,18.88,999,355,140,8
2020-08-05,174b26b6-f6ae-4c45-bf4b-f8fb91ef8495,Cycling,24.26,5:16,14.93,1479,388,101,4
2022-03-29,05ab2cd2-5f0f-4de7-94be-60b81f30b7f0,Cycling,27.34,4:17,19.02,799,136,91,3
2021-01-12,68168be6-db0c-4d70-8ef1-f95e7539e682,Cycling,10.3,0:35,19.08,791,192,70,1
2021-06-19,d3975402-490c-4301-b2df-d47d1bf5e59d,Other,5.75,3:14,17.96,1328,273,106,1
2020-10-02,9149235c-cb7b-4ea0-bf26-b243ec5c6e7e,Running,7.65,0:15,11.35,1092,54,61,4
2021-06-13,6c9aae24-6f93-4f2f-9984-0b38320841a1,Running,22.65,2:57,8.48,526,164,142,3
2022-05-20,ae7a6399-6e63-4117-b19c-55c91af3b73d,Running,10.64,4:16,5.6,769,254,79,9
2022-06-24,75a68400-c790-4b1c-8036-2fec18ef1907,Walking,22.46,5:38,12.62,1101,126,141,7
2022-04-03,7bd20848-3f72-4439-bc97-5b7f844d39c5,Cycling,6.31,0:53,19.03,1001,185,137,2
2021-12-20,388482c6-afda-4b89-83e2-bc4d1d7d2848,Other,13.17,2:06,10.22,1264,237,84,1
2020-08-13,ae413dbe-27c2-441f-aae8-753414e38184,Other,26.67,1:28,8.19,640,236,83,3
2020-09-05,7aa4d748-abf1-4d29-95c3-681dcf587a6d,Cycling,23.88,1:56,14.44,780,430,148,1
2021-01-06,6679c63e-1c64-4c0b-a716-263ce17e91fa,Walking,14.29,3:57,16.26,1300,162,116,5
2021-05-07,fdae1cbb-81db-4324-bbbe-1b54e77fff9d,Running,14.94,3:48,19.11,926,201,122,9
2021-03-29,0ddbd6bc-ce6f-4c4f-b23a-0f89400a14fd,Running,7.78,2:21,12.92,981,444,88,10
2021-03-26,1b226f3e-aeb0-4809-a700-2e1602b777d2,Cycling,9.86,2:51,18.21,904,111,150,7
2022-06-21,a46a7908-b9ee-456a-8782-d18b68cd2327,Cycling,18.16,1:01,19.08,1438,125,104,0
2021-04-09,dc393c97-13b2-42fc-91ce-22fec61a060c,Other,12.11,3:11,18.55,1455,118,79,7
2020-08-19,ddde5434-05e3-45b3-91b5-6fd1306ece0f,Walking,3.98,0:35,19.79,1057,388,139,1
2021-07-07,f7bd679b-d2ec-46a6-96dc-748db0132ce5,Walking,4.68,1:08,17.82,892,460,75,9
2021-04-07,49f5dfbb-9639-4b04-bd58-2a522fa1f276,Other,16.93,3:58,16.76,632,320,131,7
2021-08-13,78c56867-6fb5-4659-b3b7-2a15a9c9bf9f,Other,24.24,3:58,9.99,640,422,99,4
2022-01-18,7b60667f-c0af-4bb0-a714-0b46edc7265f,Cycling,26.3,5:48,5.36,1104,309,105,5
2021-06-15,faafc6fa-969b-4bc0-9311-95877e1f0c43,Running,7.5,5:05,7.43,800,3,66,2
2021-08-11,575be4af-a7f9-4db0-b058-9b7946e707d3,Cycling,11.92,1:18,17.5,1044,184,63,2
2020-09-07,3cda17f8-c506-4308-b52d-5b7d7688af18,Running,15.7,1:17,19.22,1476,223,70,8
2021-10-10,a67de800-839a-4f02-a955-c81cf7f1bbd9,Running,15.11,0:28,5.06,720,77,94,9
2022-05-21,42345265-136b-46a8-8c5b-aa15db592eb6,Walking,21.49,0:46,13.03,1360,462,104,8
